{
	"texture_size": [32, 32],
	"textures": {
		"0": "item/hrb_skeleton_boss",
		"1": "item/hrb_skeleton_boss_axe",
		"particle": "hrb_skeleton_boss_axe"
	},
	"elements": [
		{
			"name": "skull",
			"from": [5.648, 28.616, 5.256],
			"to": [10.352, 32, 9.176],
			"rotation": {"angle": 0, "axis": "y", "origin": [8, 30.38, 7.216]},
			"faces": {
				"north": {"uv": [2.75, 4, 6.75, 7], "texture": "#0"},
				"east": {"uv": [2.5, 9.75, 5.75, 13], "texture": "#0"},
				"south": {"uv": [12, 10, 16, 13], "texture": "#0"},
				"west": {"uv": [9, 10, 12, 13], "texture": "#0"},
				"up": {"uv": [9.5, 10, 5.5, 7], "texture": "#0"},
				"down": {"uv": [13, 7, 9, 10], "texture": "#0"}
			}
		},
		{
			"name": "skull",
			"from": [6.432, 27.048, 4.543],
			"to": [9.568, 28.616, 7.091],
			"rotation": {"angle": 0, "axis": "y", "origin": [8, -1.176, 8.98]},
			"faces": {
				"north": {"uv": [2.25, 3, 5.25, 4], "texture": "#0"},
				"east": {"uv": [0.5, 2.75, 2.75, 4], "texture": "#0"},
				"south": {"uv": [7, 3, 10, 4], "texture": "#0"},
				"west": {"uv": [5, 3, 7, 4], "texture": "#0"},
				"up": {"uv": [5.5, 3, 2.5, 1], "texture": "#0"},
				"down": {"uv": [8, 1, 5, 3], "texture": "#0"}
			}
		},
		{
			"name": "trapese",
			"from": [6.05898, 24.75517, 5.1212],
			"to": [9.97898, 25.68117, 8.3822],
			"rotation": {"angle": 0, "axis": "y", "origin": [8.41098, 25.14717, 6.8142]},
			"faces": {
				"north": {"uv": [6.25, 12, 3.25, 12], "texture": "#0"},
				"east": {"uv": [9.5, 11.75, 6.75, 12], "texture": "#0"},
				"south": {"uv": [12, 12, 9, 12], "texture": "#0"},
				"west": {"uv": [3, 12, 0, 12], "texture": "#0"},
				"up": {"uv": [3.5, 12, 6.5, 9], "texture": "#0"},
				"down": {"uv": [6, 9, 9, 12], "texture": "#0"}
			}
		},
		{
			"name": "trapese",
			"from": [9.568, 24.51638, 5.3002],
			"to": [11.88, 25.44238, 8.1862],
			"rotation": {"angle": 0, "axis": "y", "origin": [11.136, 24.81038, 6.8142]},
			"faces": {
				"north": {"uv": [4.25, 3, 6.25, 3], "texture": "#0"},
				"east": {"uv": [1.5, 2.75, 4.75, 3], "texture": "#0"},
				"south": {"uv": [9, 3, 11, 3], "texture": "#0"},
				"west": {"uv": [6, 3, 9, 3], "texture": "#0"},
				"up": {"uv": [6.5, 3, 4.5, 0], "texture": "#0"},
				"down": {"uv": [8, 0, 6, 3], "texture": "#0"}
			}
		},
		{
			"name": "trapese",
			"from": [11.568, 24.26638, 5.5502],
			"to": [13.88, 25.19238, 8.1862],
			"rotation": {"angle": 0, "axis": "y", "origin": [11.136, 24.81038, 6.8142]},
			"faces": {
				"north": {"uv": [4.25, 3, 6.25, 3], "texture": "#0"},
				"east": {"uv": [1.5, 2.75, 4.75, 3], "texture": "#0"},
				"south": {"uv": [9, 3, 11, 3], "texture": "#0"},
				"west": {"uv": [6, 3, 9, 3], "texture": "#0"},
				"up": {"uv": [6.5, 3, 4.5, 0], "texture": "#0"},
				"down": {"uv": [8, 0, 6, 3], "texture": "#0"}
			}
		},
		{
			"name": "trapese",
			"from": [2.12, 24.26638, 5.5502],
			"to": [4.432, 25.19238, 8.1862],
			"rotation": {"angle": 0, "axis": "y", "origin": [4.864, 24.81038, 6.8142]},
			"faces": {
				"north": {"uv": [6.25, 3, 4.25, 3], "texture": "#0"},
				"east": {"uv": [9.5, 2.75, 6.75, 3], "texture": "#0"},
				"south": {"uv": [11, 3, 9, 3], "texture": "#0"},
				"west": {"uv": [4, 3, 1, 3], "texture": "#0"},
				"up": {"uv": [4.5, 3, 6.5, 0], "texture": "#0"},
				"down": {"uv": [6, 0, 8, 3], "texture": "#0"}
			}
		},
		{
			"name": "trapese",
			"from": [4.12, 24.51638, 5.3002],
			"to": [6.432, 25.44238, 8.1862],
			"rotation": {"angle": 0, "axis": "y", "origin": [4.864, 24.81038, 6.8142]},
			"faces": {
				"north": {"uv": [6.25, 3, 4.25, 3], "texture": "#0"},
				"east": {"uv": [9.5, 2.75, 6.75, 3], "texture": "#0"},
				"south": {"uv": [11, 3, 9, 3], "texture": "#0"},
				"west": {"uv": [4, 3, 1, 3], "texture": "#0"},
				"up": {"uv": [4.5, 3, 6.5, 0], "texture": "#0"},
				"down": {"uv": [6, 0, 8, 3], "texture": "#0"}
			}
		},
		{
			"name": "sternum",
			"from": [7.412, 19.12251, 5.02576],
			"to": [8.588, 24.05451, 5.56476],
			"rotation": {"angle": 0, "axis": "y", "origin": [8, 22.89551, 3.40876]},
			"faces": {
				"north": {"uv": [6.25, 8, 7.25, 12], "texture": "#0"},
				"east": {"uv": [6.5, 7.75, 6.75, 12], "texture": "#0"},
				"south": {"uv": [7, 8, 8, 12], "texture": "#0"},
				"west": {"uv": [7, 8, 7, 12], "texture": "#0"},
				"up": {"uv": [7.5, 8, 6.5, 8], "texture": "#0"},
				"down": {"uv": [8, 8, 7, 8], "texture": "#0"}
			}
		},
		{
			"name": "sternum",
			"from": [7.412, 24.01958, 4.94171],
			"to": [8.588, 25.80058, 5.48071],
			"rotation": {"angle": 0, "axis": "y", "origin": [8, 23.93858, 5.21121]},
			"faces": {
				"north": {"uv": [2.25, 1, 3.25, 2], "texture": "#0"},
				"east": {"uv": [2.5, 0.75, 2.75, 2], "texture": "#0"},
				"south": {"uv": [3, 1, 4, 2], "texture": "#0"},
				"west": {"uv": [3, 1, 3, 2], "texture": "#0"},
				"up": {"uv": [3.5, 1, 2.5, 1], "texture": "#0"},
				"down": {"uv": [4, 1, 3, 1], "texture": "#0"}
			}
		},
		{
			"name": "vertebrae",
			"from": [7.02, 14.32438, 7.7942],
			"to": [8.98, 16.67638, 8.5782],
			"rotation": {"angle": 0, "axis": "y", "origin": [8, 18.85761, 6.69591]},
			"faces": {
				"north": {"uv": [4.25, 10, 5.25, 12], "texture": "#0"},
				"east": {"uv": [4.5, 9.75, 4.75, 12], "texture": "#0"},
				"south": {"uv": [5, 10, 6, 12], "texture": "#0"},
				"west": {"uv": [5, 10, 5, 12], "texture": "#0"},
				"up": {"uv": [5.5, 10, 4.5, 10], "texture": "#0"},
				"down": {"uv": [6, 10, 5, 10], "texture": "#0"}
			}
		},
		{
			"name": "vertebrae",
			"from": [7.02, 16.28438, 8.1862],
			"to": [8.98, 17.85238, 8.9702],
			"rotation": {"angle": 0, "axis": "y", "origin": [8, 18.85761, 6.69591]},
			"faces": {
				"north": {"uv": [4.25, 11, 5.25, 12], "texture": "#0"},
				"east": {"uv": [4.5, 10.75, 4.75, 12], "texture": "#0"},
				"south": {"uv": [5, 11, 6, 12], "texture": "#0"},
				"west": {"uv": [5, 11, 5, 12], "texture": "#0"},
				"up": {"uv": [5.5, 11, 4.5, 11], "texture": "#0"},
				"down": {"uv": [6, 11, 5, 11], "texture": "#0"}
			}
		},
		{
			"name": "vertebrae",
			"from": [7.02, 24.12438, 8.1862],
			"to": [8.98, 26.08438, 8.9702],
			"rotation": {"angle": 0, "axis": "y", "origin": [8, 17.68161, 6.30391]},
			"faces": {
				"north": {"uv": [4.25, 10, 5.25, 11], "texture": "#0"},
				"east": {"uv": [4.5, 9.75, 4.75, 11], "texture": "#0"},
				"south": {"uv": [5, 10, 6, 11], "texture": "#0"},
				"west": {"uv": [5, 10, 5, 11], "texture": "#0"},
				"up": {"uv": [5.5, 10, 4.5, 10], "texture": "#0"},
				"down": {"uv": [6, 10, 5, 10], "texture": "#0"}
			}
		},
		{
			"name": "vertebrae",
			"from": [7.02, 25.69238, 7.7942],
			"to": [8.98, 28.76038, 8.5782],
			"rotation": {"angle": 0, "axis": "y", "origin": [8, 26.86838, 8.1862]},
			"faces": {
				"north": {"uv": [4.25, 9, 5.25, 12], "texture": "#0"},
				"east": {"uv": [4.5, 8.75, 4.75, 12], "texture": "#0"},
				"south": {"uv": [5, 9, 6, 12], "texture": "#0"},
				"west": {"uv": [5, 9, 5, 12], "texture": "#0"},
				"up": {"uv": [5.5, 9, 4.5, 9], "texture": "#0"},
				"down": {"uv": [6, 9, 5, 9], "texture": "#0"}
			}
		},
		{
			"name": "vertebrae",
			"from": [7.02, 17.46038, 8.5782],
			"to": [8.98, 19.42038, 9.3622],
			"rotation": {"angle": 0, "axis": "y", "origin": [8, 17.68161, 6.30391]},
			"faces": {
				"north": {"uv": [4.25, 10, 5.25, 11], "texture": "#0"},
				"east": {"uv": [4.5, 9.75, 4.75, 11], "texture": "#0"},
				"south": {"uv": [5, 10, 6, 11], "texture": "#0"},
				"west": {"uv": [5, 10, 5, 11], "texture": "#0"},
				"up": {"uv": [5.5, 10, 4.5, 10], "texture": "#0"},
				"down": {"uv": [6, 10, 5, 10], "texture": "#0"}
			}
		},
		{
			"name": "vertebrae",
			"from": [7.02, 22.16438, 8.5782],
			"to": [8.98, 24.51638, 9.3622],
			"rotation": {"angle": 0, "axis": "y", "origin": [8, 17.68161, 6.30391]},
			"faces": {
				"north": {"uv": [4.25, 1, 5.25, 3], "texture": "#0"},
				"east": {"uv": [4.5, 0.75, 4.75, 3], "texture": "#0"},
				"south": {"uv": [5, 1, 6, 3], "texture": "#0"},
				"west": {"uv": [5, 1, 5, 3], "texture": "#0"},
				"up": {"uv": [5.5, 1, 4.5, 1], "texture": "#0"},
				"down": {"uv": [6, 1, 5, 1], "texture": "#0"}
			}
		},
		{
			"name": "vertebrae",
			"from": [7.02, 19.012, 8.9702],
			"to": [8.98, 22.54, 9.7542],
			"rotation": {"angle": 0, "axis": "y", "origin": [8, 17.68161, 6.30391]},
			"faces": {
				"north": {"uv": [2.25, 9, 3.25, 12], "texture": "#0"},
				"east": {"uv": [2.5, 8.75, 2.75, 12], "texture": "#0"},
				"south": {"uv": [3, 9, 4, 12], "texture": "#0"},
				"west": {"uv": [3, 9, 3, 12], "texture": "#0"},
				"up": {"uv": [3.5, 9, 2.5, 9], "texture": "#0"},
				"down": {"uv": [4, 9, 3, 9], "texture": "#0"}
			}
		},
		{
			"name": "ribs",
			"from": [8.3955, 23.378, 4.864],
			"to": [10.5515, 23.77, 5.452],
			"rotation": {"angle": 0, "axis": "y", "origin": [5.354, 21.67219, 6.922]},
			"faces": {
				"north": {"uv": [4.25, 12, 6.25, 12], "texture": "#0"},
				"east": {"uv": [4.5, 11.75, 4.75, 12], "texture": "#0"},
				"south": {"uv": [6, 12, 8, 12], "texture": "#0"},
				"west": {"uv": [6, 12, 6, 12], "texture": "#0"},
				"up": {"uv": [6.5, 12, 4.5, 12], "texture": "#0"},
				"down": {"uv": [8, 12, 6, 12], "texture": "#0"}
			}
		},
		{
			"name": "ribs",
			"from": [10.1595, 23.378, 8],
			"to": [12.1195, 23.77, 8.588],
			"rotation": {"angle": 0, "axis": "y", "origin": [5.354, 21.67219, 6.922]},
			"faces": {
				"north": {"uv": [4.25, 12, 5.25, 12], "texture": "#0"},
				"east": {"uv": [4.5, 11.75, 4.75, 12], "texture": "#0"},
				"south": {"uv": [5, 12, 6, 12], "texture": "#0"},
				"west": {"uv": [5, 12, 5, 12], "texture": "#0"},
				"up": {"uv": [5.5, 12, 4.5, 12], "texture": "#0"},
				"down": {"uv": [6, 12, 5, 12], "texture": "#0"}
			}
		},
		{
			"name": "ribs",
			"from": [10.1595, 23.378, 5.256],
			"to": [12.1195, 23.77, 5.844],
			"rotation": {"angle": 0, "axis": "y", "origin": [5.354, 21.67219, 6.922]},
			"faces": {
				"north": {"uv": [4.25, 12, 5.25, 12], "texture": "#0"},
				"east": {"uv": [4.5, 11.75, 4.75, 12], "texture": "#0"},
				"south": {"uv": [5, 12, 6, 12], "texture": "#0"},
				"west": {"uv": [5, 12, 5, 12], "texture": "#0"},
				"up": {"uv": [5.5, 12, 4.5, 12], "texture": "#0"},
				"down": {"uv": [6, 12, 5, 12], "texture": "#0"}
			}
		},
		{
			"name": "ribs",
			"from": [11.7275, 23.378, 7.02],
			"to": [12.3155, 23.77, 8.196],
			"rotation": {"angle": 0, "axis": "y", "origin": [5.354, 21.67219, 6.922]},
			"faces": {
				"north": {"uv": [6.25, 12, 6.25, 12], "texture": "#0"},
				"east": {"uv": [5.5, 11.75, 6.75, 12], "texture": "#0"},
				"south": {"uv": [7, 12, 7, 12], "texture": "#0"},
				"west": {"uv": [6, 12, 7, 12], "texture": "#0"},
				"up": {"uv": [6.5, 12, 6.5, 11], "texture": "#0"},
				"down": {"uv": [6, 11, 6, 12], "texture": "#0"}
			}
		},
		{
			"name": "ribs",
			"from": [11.9235, 23.378, 5.648],
			"to": [12.5115, 23.77, 6.628],
			"rotation": {"angle": 0, "axis": "y", "origin": [5.354, 21.67219, 6.922]},
			"faces": {
				"north": {"uv": [6.25, 12, 6.25, 12], "texture": "#0"},
				"east": {"uv": [6.5, 11.75, 6.75, 12], "texture": "#0"},
				"south": {"uv": [6, 12, 6, 12], "texture": "#0"},
				"west": {"uv": [6, 12, 6, 12], "texture": "#0"},
				"up": {"uv": [6.5, 12, 6.5, 12], "texture": "#0"},
				"down": {"uv": [6, 12, 6, 12], "texture": "#0"}
			}
		},
		{
			"name": "ribs",
			"from": [12.1195, 23.378, 6.236],
			"to": [12.7075, 23.77, 7.412],
			"rotation": {"angle": 0, "axis": "y", "origin": [5.354, 21.67219, 6.922]},
			"faces": {
				"north": {"uv": [6.25, 12, 6.25, 12], "texture": "#0"},
				"east": {"uv": [5.5, 11.75, 6.75, 12], "texture": "#0"},
				"south": {"uv": [7, 12, 7, 12], "texture": "#0"},
				"west": {"uv": [6, 12, 7, 12], "texture": "#0"},
				"up": {"uv": [6.5, 12, 6.5, 11], "texture": "#0"},
				"down": {"uv": [6, 11, 6, 12], "texture": "#0"}
			}
		},
		{
			"name": "ribs",
			"from": [8.7875, 23.378, 8.392],
			"to": [10.7475, 23.77, 8.98],
			"rotation": {"angle": 0, "axis": "y", "origin": [5.354, 21.67219, 6.922]},
			"faces": {
				"north": {"uv": [4.25, 12, 5.25, 12], "texture": "#0"},
				"east": {"uv": [4.5, 11.75, 4.75, 12], "texture": "#0"},
				"south": {"uv": [5, 12, 6, 12], "texture": "#0"},
				"west": {"uv": [5, 12, 5, 12], "texture": "#0"},
				"up": {"uv": [5.5, 12, 4.5, 12], "texture": "#0"},
				"down": {"uv": [6, 12, 5, 12], "texture": "#0"}
			}
		},
		{
			"name": "ribs",
			"from": [8.809, 22.719, 8.392],
			"to": [10.769, 23.111, 8.98],
			"rotation": {"angle": 0, "axis": "y", "origin": [4.563, 21.48469, 6.922]},
			"faces": {
				"north": {"uv": [4.25, 12, 5.25, 12], "texture": "#0"},
				"east": {"uv": [4.5, 11.75, 4.75, 12], "texture": "#0"},
				"south": {"uv": [5, 12, 6, 12], "texture": "#0"},
				"west": {"uv": [5, 12, 5, 12], "texture": "#0"},
				"up": {"uv": [5.5, 12, 4.5, 12], "texture": "#0"},
				"down": {"uv": [6, 12, 5, 12], "texture": "#0"}
			}
		},
		{
			"name": "ribs",
			"from": [8.417, 22.719, 4.864],
			"to": [10.573, 23.111, 5.452],
			"rotation": {"angle": 0, "axis": "y", "origin": [4.563, 21.48469, 6.922]},
			"faces": {
				"north": {"uv": [4.25, 1, 6.25, 1], "texture": "#0"},
				"east": {"uv": [4.5, 0.75, 4.75, 1], "texture": "#0"},
				"south": {"uv": [6, 1, 8, 1], "texture": "#0"},
				"west": {"uv": [6, 1, 6, 1], "texture": "#0"},
				"up": {"uv": [6.5, 1, 4.5, 1], "texture": "#0"},
				"down": {"uv": [8, 1, 6, 1], "texture": "#0"}
			}
		},
		{
			"name": "ribs",
			"from": [10.181, 22.719, 8],
			"to": [12.533, 23.111, 8.588],
			"rotation": {"angle": 0, "axis": "y", "origin": [4.563, 21.48469, 6.922]},
			"faces": {
				"north": {"uv": [3.25, 12, 5.25, 12], "texture": "#0"},
				"east": {"uv": [3.5, 11.75, 3.75, 12], "texture": "#0"},
				"south": {"uv": [5, 12, 7, 12], "texture": "#0"},
				"west": {"uv": [5, 12, 5, 12], "texture": "#0"},
				"up": {"uv": [5.5, 12, 3.5, 12], "texture": "#0"},
				"down": {"uv": [7, 12, 5, 12], "texture": "#0"}
			}
		},
		{
			"name": "ribs",
			"from": [10.181, 22.719, 5.256],
			"to": [12.533, 23.111, 5.844],
			"rotation": {"angle": 0, "axis": "y", "origin": [4.563, 21.48469, 6.922]},
			"faces": {
				"north": {"uv": [3.25, 12, 5.25, 12], "texture": "#0"},
				"east": {"uv": [3.5, 11.75, 3.75, 12], "texture": "#0"},
				"south": {"uv": [5, 12, 7, 12], "texture": "#0"},
				"west": {"uv": [5, 12, 5, 12], "texture": "#0"},
				"up": {"uv": [5.5, 12, 3.5, 12], "texture": "#0"},
				"down": {"uv": [7, 12, 5, 12], "texture": "#0"}
			}
		},
		{
			"name": "ribs",
			"from": [12.141, 22.719, 7.02],
			"to": [12.729, 23.111, 8.196],
			"rotation": {"angle": 0, "axis": "y", "origin": [4.563, 21.48469, 6.922]},
			"faces": {
				"north": {"uv": [6.25, 12, 6.25, 12], "texture": "#0"},
				"east": {"uv": [5.5, 11.75, 6.75, 12], "texture": "#0"},
				"south": {"uv": [7, 12, 7, 12], "texture": "#0"},
				"west": {"uv": [6, 12, 7, 12], "texture": "#0"},
				"up": {"uv": [6.5, 12, 6.5, 11], "texture": "#0"},
				"down": {"uv": [6, 11, 6, 12], "texture": "#0"}
			}
		},
		{
			"name": "ribs",
			"from": [12.337, 22.719, 5.648],
			"to": [12.925, 23.111, 6.628],
			"rotation": {"angle": 0, "axis": "y", "origin": [4.563, 21.48469, 6.922]},
			"faces": {
				"north": {"uv": [6.25, 12, 6.25, 12], "texture": "#0"},
				"east": {"uv": [6.5, 11.75, 6.75, 12], "texture": "#0"},
				"south": {"uv": [6, 12, 6, 12], "texture": "#0"},
				"west": {"uv": [6, 12, 6, 12], "texture": "#0"},
				"up": {"uv": [6.5, 12, 6.5, 12], "texture": "#0"},
				"down": {"uv": [6, 12, 6, 12], "texture": "#0"}
			}
		},
		{
			"name": "ribs",
			"from": [12.533, 22.719, 6.236],
			"to": [13.121, 23.111, 7.412],
			"rotation": {"angle": 0, "axis": "y", "origin": [4.563, 21.48469, 6.922]},
			"faces": {
				"north": {"uv": [6.25, 8, 6.25, 8], "texture": "#0"},
				"east": {"uv": [5.5, 7.75, 6.75, 8], "texture": "#0"},
				"south": {"uv": [7, 8, 7, 8], "texture": "#0"},
				"west": {"uv": [6, 8, 7, 8], "texture": "#0"},
				"up": {"uv": [6.5, 8, 6.5, 7], "texture": "#0"},
				"down": {"uv": [6, 7, 6, 8], "texture": "#0"}
			}
		},
		{
			"name": "ribs",
			"from": [8.83709, 21.37827, 8.432],
			"to": [10.79709, 21.77027, 9.02],
			"rotation": {"angle": 0, "axis": "y", "origin": [3.93438, 21.59947, 5.942]},
			"faces": {
				"north": {"uv": [4.25, 12, 5.25, 12], "texture": "#0"},
				"east": {"uv": [4.5, 11.75, 4.75, 12], "texture": "#0"},
				"south": {"uv": [5, 12, 6, 12], "texture": "#0"},
				"west": {"uv": [5, 12, 5, 12], "texture": "#0"},
				"up": {"uv": [5.5, 12, 4.5, 12], "texture": "#0"},
				"down": {"uv": [6, 12, 5, 12], "texture": "#0"}
			}
		},
		{
			"name": "ribs",
			"from": [8.44509, 21.37827, 4.904],
			"to": [10.60109, 21.77027, 5.492],
			"rotation": {"angle": 0, "axis": "y", "origin": [3.93438, 21.59947, 5.942]},
			"faces": {
				"north": {"uv": [4.25, 1, 6.25, 1], "texture": "#0"},
				"east": {"uv": [4.5, 0.75, 4.75, 1], "texture": "#0"},
				"south": {"uv": [6, 1, 8, 1], "texture": "#0"},
				"west": {"uv": [6, 1, 6, 1], "texture": "#0"},
				"up": {"uv": [6.5, 1, 4.5, 1], "texture": "#0"},
				"down": {"uv": [8, 1, 6, 1], "texture": "#0"}
			}
		},
		{
			"name": "ribs",
			"from": [10.20909, 21.37827, 8.04],
			"to": [12.16909, 21.77027, 8.628],
			"rotation": {"angle": 0, "axis": "y", "origin": [3.93438, 21.59947, 5.942]},
			"faces": {
				"north": {"uv": [4.25, 12, 5.25, 12], "texture": "#0"},
				"east": {"uv": [4.5, 11.75, 4.75, 12], "texture": "#0"},
				"south": {"uv": [5, 12, 6, 12], "texture": "#0"},
				"west": {"uv": [5, 12, 5, 12], "texture": "#0"},
				"up": {"uv": [5.5, 12, 4.5, 12], "texture": "#0"},
				"down": {"uv": [6, 12, 5, 12], "texture": "#0"}
			}
		},
		{
			"name": "ribs",
			"from": [10.20909, 21.37827, 5.296],
			"to": [12.16909, 21.77027, 5.884],
			"rotation": {"angle": 0, "axis": "y", "origin": [3.93438, 21.59947, 5.942]},
			"faces": {
				"north": {"uv": [4.25, 12, 5.25, 12], "texture": "#0"},
				"east": {"uv": [4.5, 11.75, 4.75, 12], "texture": "#0"},
				"south": {"uv": [5, 12, 6, 12], "texture": "#0"},
				"west": {"uv": [5, 12, 5, 12], "texture": "#0"},
				"up": {"uv": [5.5, 12, 4.5, 12], "texture": "#0"},
				"down": {"uv": [6, 12, 5, 12], "texture": "#0"}
			}
		},
		{
			"name": "ribs",
			"from": [11.77709, 21.37827, 7.06],
			"to": [12.36509, 21.77027, 8.236],
			"rotation": {"angle": 0, "axis": "y", "origin": [3.93438, 21.59947, 5.942]},
			"faces": {
				"north": {"uv": [6.25, 12, 6.25, 12], "texture": "#0"},
				"east": {"uv": [5.5, 11.75, 6.75, 12], "texture": "#0"},
				"south": {"uv": [7, 12, 7, 12], "texture": "#0"},
				"west": {"uv": [6, 12, 7, 12], "texture": "#0"},
				"up": {"uv": [6.5, 12, 6.5, 11], "texture": "#0"},
				"down": {"uv": [6, 11, 6, 12], "texture": "#0"}
			}
		},
		{
			"name": "ribs",
			"from": [11.97309, 21.37827, 5.688],
			"to": [12.56109, 21.77027, 6.668],
			"rotation": {"angle": 0, "axis": "y", "origin": [3.93438, 21.59947, 5.942]},
			"faces": {
				"north": {"uv": [6.25, 12, 6.25, 12], "texture": "#0"},
				"east": {"uv": [6.5, 11.75, 6.75, 12], "texture": "#0"},
				"south": {"uv": [6, 12, 6, 12], "texture": "#0"},
				"west": {"uv": [6, 12, 6, 12], "texture": "#0"},
				"up": {"uv": [6.5, 12, 6.5, 12], "texture": "#0"},
				"down": {"uv": [6, 12, 6, 12], "texture": "#0"}
			}
		},
		{
			"name": "ribs",
			"from": [12.16909, 21.37827, 6.276],
			"to": [12.75709, 21.77027, 7.452],
			"rotation": {"angle": 0, "axis": "y", "origin": [3.93438, 21.59947, 5.942]},
			"faces": {
				"north": {"uv": [6.25, 12, 6.25, 12], "texture": "#0"},
				"east": {"uv": [5.5, 11.75, 6.75, 12], "texture": "#0"},
				"south": {"uv": [7, 12, 7, 12], "texture": "#0"},
				"west": {"uv": [6, 12, 7, 12], "texture": "#0"},
				"up": {"uv": [6.5, 12, 6.5, 11], "texture": "#0"},
				"down": {"uv": [6, 11, 6, 12], "texture": "#0"}
			}
		},
		{
			"name": "ribs",
			"from": [8.78971, 20.71306, 8.432],
			"to": [10.74971, 21.10506, 9.02],
			"rotation": {"angle": 0, "axis": "y", "origin": [3.79286, 21.06171, 5.942]},
			"faces": {
				"north": {"uv": [4.25, 12, 5.25, 12], "texture": "#0"},
				"east": {"uv": [4.5, 11.75, 4.75, 12], "texture": "#0"},
				"south": {"uv": [5, 12, 6, 12], "texture": "#0"},
				"west": {"uv": [5, 12, 5, 12], "texture": "#0"},
				"up": {"uv": [5.5, 12, 4.5, 12], "texture": "#0"},
				"down": {"uv": [6, 12, 5, 12], "texture": "#0"}
			}
		},
		{
			"name": "ribs",
			"from": [8.39771, 20.71306, 4.904],
			"to": [10.55371, 21.10506, 5.492],
			"rotation": {"angle": 0, "axis": "y", "origin": [3.79286, 21.06171, 5.942]},
			"faces": {
				"north": {"uv": [2.25, 12, 4.25, 12], "texture": "#0"},
				"east": {"uv": [2.5, 11.75, 2.75, 12], "texture": "#0"},
				"south": {"uv": [4, 12, 6, 12], "texture": "#0"},
				"west": {"uv": [4, 12, 4, 12], "texture": "#0"},
				"up": {"uv": [4.5, 12, 2.5, 12], "texture": "#0"},
				"down": {"uv": [6, 12, 4, 12], "texture": "#0"}
			}
		},
		{
			"name": "ribs",
			"from": [8.7807, 20.05568, 8.432],
			"to": [10.7407, 20.44768, 9.02],
			"rotation": {"angle": 0, "axis": "y", "origin": [5.09117, 18.80718, 5.942]},
			"faces": {
				"north": {"uv": [4.25, 12, 5.25, 12], "texture": "#0"},
				"east": {"uv": [4.5, 11.75, 4.75, 12], "texture": "#0"},
				"south": {"uv": [5, 12, 6, 12], "texture": "#0"},
				"west": {"uv": [5, 12, 5, 12], "texture": "#0"},
				"up": {"uv": [5.5, 12, 4.5, 12], "texture": "#0"},
				"down": {"uv": [6, 12, 5, 12], "texture": "#0"}
			}
		},
		{
			"name": "ribs",
			"from": [10.1527, 20.05568, 8.04],
			"to": [11.7207, 20.44768, 8.628],
			"rotation": {"angle": 0, "axis": "y", "origin": [5.09117, 18.80718, 5.942]},
			"faces": {
				"north": {"uv": [5.25, 12, 6.25, 12], "texture": "#0"},
				"east": {"uv": [5.5, 11.75, 5.75, 12], "texture": "#0"},
				"south": {"uv": [6, 12, 7, 12], "texture": "#0"},
				"west": {"uv": [6, 12, 6, 12], "texture": "#0"},
				"up": {"uv": [6.5, 12, 5.5, 12], "texture": "#0"},
				"down": {"uv": [7, 12, 6, 12], "texture": "#0"}
			}
		},
		{
			"name": "ribs",
			"from": [11.3287, 20.05568, 7.06],
			"to": [11.9167, 20.44768, 8.236],
			"rotation": {"angle": 0, "axis": "y", "origin": [5.09117, 18.80718, 5.942]},
			"faces": {
				"north": {"uv": [6.25, 2, 6.25, 2], "texture": "#0"},
				"east": {"uv": [5.5, 1.75, 6.75, 2], "texture": "#0"},
				"south": {"uv": [7, 2, 7, 2], "texture": "#0"},
				"west": {"uv": [6, 2, 7, 2], "texture": "#0"},
				"up": {"uv": [6.5, 2, 6.5, 1], "texture": "#0"},
				"down": {"uv": [6, 1, 6, 2], "texture": "#0"}
			}
		},
		{
			"name": "ribs",
			"from": [11.7207, 20.05568, 6.276],
			"to": [12.3087, 20.44768, 7.452],
			"rotation": {"angle": 0, "axis": "y", "origin": [5.09117, 18.80718, 5.942]},
			"faces": {
				"north": {"uv": [6.25, 12, 6.25, 12], "texture": "#0"},
				"east": {"uv": [5.5, 11.75, 6.75, 12], "texture": "#0"},
				"south": {"uv": [7, 12, 7, 12], "texture": "#0"},
				"west": {"uv": [6, 12, 7, 12], "texture": "#0"},
				"up": {"uv": [6.5, 12, 6.5, 11], "texture": "#0"},
				"down": {"uv": [6, 11, 6, 12], "texture": "#0"}
			}
		},
		{
			"name": "ribs",
			"from": [11.5247, 20.05568, 5.688],
			"to": [12.1127, 20.44768, 6.668],
			"rotation": {"angle": 0, "axis": "y", "origin": [5.09117, 18.80718, 5.942]},
			"faces": {
				"north": {"uv": [6.25, 10, 6.25, 10], "texture": "#0"},
				"east": {"uv": [6.5, 9.75, 6.75, 10], "texture": "#0"},
				"south": {"uv": [6, 10, 6, 10], "texture": "#0"},
				"west": {"uv": [6, 10, 6, 10], "texture": "#0"},
				"up": {"uv": [6.5, 10, 6.5, 10], "texture": "#0"},
				"down": {"uv": [6, 10, 6, 10], "texture": "#0"}
			}
		},
		{
			"name": "ribs",
			"from": [10.1527, 20.05568, 5.296],
			"to": [11.7207, 20.44768, 5.884],
			"rotation": {"angle": 0, "axis": "y", "origin": [5.09117, 18.80718, 5.942]},
			"faces": {
				"north": {"uv": [2.25, 12, 3.25, 12], "texture": "#0"},
				"east": {"uv": [2.5, 11.75, 2.75, 12], "texture": "#0"},
				"south": {"uv": [3, 12, 4, 12], "texture": "#0"},
				"west": {"uv": [3, 12, 3, 12], "texture": "#0"},
				"up": {"uv": [3.5, 12, 2.5, 12], "texture": "#0"},
				"down": {"uv": [4, 12, 3, 12], "texture": "#0"}
			}
		},
		{
			"name": "ribs",
			"from": [8.3887, 20.05568, 4.904],
			"to": [10.5447, 20.44768, 5.492],
			"rotation": {"angle": 0, "axis": "y", "origin": [5.09117, 18.80718, 5.942]},
			"faces": {
				"north": {"uv": [4.25, 11, 6.25, 11], "texture": "#0"},
				"east": {"uv": [4.5, 10.75, 4.75, 11], "texture": "#0"},
				"south": {"uv": [6, 11, 8, 11], "texture": "#0"},
				"west": {"uv": [6, 11, 6, 11], "texture": "#0"},
				"up": {"uv": [6.5, 11, 4.5, 11], "texture": "#0"},
				"down": {"uv": [8, 11, 6, 11], "texture": "#0"}
			}
		},
		{
			"name": "ribs",
			"from": [10.16171, 20.71306, 8.04],
			"to": [11.72971, 21.10506, 8.628],
			"rotation": {"angle": 0, "axis": "y", "origin": [3.79286, 21.06171, 5.942]},
			"faces": {
				"north": {"uv": [5.25, 12, 6.25, 12], "texture": "#0"},
				"east": {"uv": [5.5, 11.75, 5.75, 12], "texture": "#0"},
				"south": {"uv": [6, 12, 7, 12], "texture": "#0"},
				"west": {"uv": [6, 12, 6, 12], "texture": "#0"},
				"up": {"uv": [6.5, 12, 5.5, 12], "texture": "#0"},
				"down": {"uv": [7, 12, 6, 12], "texture": "#0"}
			}
		},
		{
			"name": "ribs",
			"from": [10.16171, 20.71306, 5.296],
			"to": [11.72971, 21.10506, 5.884],
			"rotation": {"angle": 0, "axis": "y", "origin": [3.79286, 21.06171, 5.942]},
			"faces": {
				"north": {"uv": [5.25, 12, 6.25, 12], "texture": "#0"},
				"east": {"uv": [5.5, 11.75, 5.75, 12], "texture": "#0"},
				"south": {"uv": [6, 12, 7, 12], "texture": "#0"},
				"west": {"uv": [6, 12, 6, 12], "texture": "#0"},
				"up": {"uv": [6.5, 12, 5.5, 12], "texture": "#0"},
				"down": {"uv": [7, 12, 6, 12], "texture": "#0"}
			}
		},
		{
			"name": "ribs",
			"from": [11.33771, 20.71306, 7.06],
			"to": [11.92571, 21.10506, 8.236],
			"rotation": {"angle": 0, "axis": "y", "origin": [3.79286, 21.06171, 5.942]},
			"faces": {
				"north": {"uv": [3.25, 12, 3.25, 12], "texture": "#0"},
				"east": {"uv": [2.5, 11.75, 3.75, 12], "texture": "#0"},
				"south": {"uv": [4, 12, 4, 12], "texture": "#0"},
				"west": {"uv": [3, 12, 4, 12], "texture": "#0"},
				"up": {"uv": [3.5, 12, 3.5, 11], "texture": "#0"},
				"down": {"uv": [3, 11, 3, 12], "texture": "#0"}
			}
		},
		{
			"name": "ribs",
			"from": [11.53371, 20.71306, 5.688],
			"to": [12.12171, 21.10506, 6.668],
			"rotation": {"angle": 0, "axis": "y", "origin": [3.79286, 21.06171, 5.942]},
			"faces": {
				"north": {"uv": [6.25, 12, 6.25, 12], "texture": "#0"},
				"east": {"uv": [6.5, 11.75, 6.75, 12], "texture": "#0"},
				"south": {"uv": [6, 12, 6, 12], "texture": "#0"},
				"west": {"uv": [6, 12, 6, 12], "texture": "#0"},
				"up": {"uv": [6.5, 12, 6.5, 12], "texture": "#0"},
				"down": {"uv": [6, 12, 6, 12], "texture": "#0"}
			}
		},
		{
			"name": "ribs",
			"from": [11.72971, 20.71306, 6.276],
			"to": [12.31771, 21.10506, 7.452],
			"rotation": {"angle": 0, "axis": "y", "origin": [3.79286, 21.06171, 5.942]},
			"faces": {
				"north": {"uv": [6.25, 12, 6.25, 12], "texture": "#0"},
				"east": {"uv": [5.5, 11.75, 6.75, 12], "texture": "#0"},
				"south": {"uv": [7, 12, 7, 12], "texture": "#0"},
				"west": {"uv": [6, 12, 7, 12], "texture": "#0"},
				"up": {"uv": [6.5, 12, 6.5, 11], "texture": "#0"},
				"down": {"uv": [6, 11, 6, 12], "texture": "#0"}
			}
		},
		{
			"name": "ribs",
			"from": [8.80143, 22.04869, 8.432],
			"to": [10.76143, 22.44069, 9.02],
			"rotation": {"angle": 0, "axis": "y", "origin": [3.97051, 22.15267, 5.942]},
			"faces": {
				"north": {"uv": [4.25, 12, 5.25, 12], "texture": "#0"},
				"east": {"uv": [4.5, 11.75, 4.75, 12], "texture": "#0"},
				"south": {"uv": [5, 12, 6, 12], "texture": "#0"},
				"west": {"uv": [5, 12, 5, 12], "texture": "#0"},
				"up": {"uv": [5.5, 12, 4.5, 12], "texture": "#0"},
				"down": {"uv": [6, 12, 5, 12], "texture": "#0"}
			}
		},
		{
			"name": "ribs",
			"from": [8.40943, 22.04869, 4.904],
			"to": [10.56543, 22.44069, 5.492],
			"rotation": {"angle": 0, "axis": "y", "origin": [3.97051, 22.15267, 5.942]},
			"faces": {
				"north": {"uv": [4.25, 12, 6.25, 12], "texture": "#0"},
				"east": {"uv": [4.5, 11.75, 4.75, 12], "texture": "#0"},
				"south": {"uv": [6, 12, 8, 12], "texture": "#0"},
				"west": {"uv": [6, 12, 6, 12], "texture": "#0"},
				"up": {"uv": [6.5, 12, 4.5, 12], "texture": "#0"},
				"down": {"uv": [8, 12, 6, 12], "texture": "#0"}
			}
		},
		{
			"name": "ribs",
			"from": [10.17343, 22.04869, 8.04],
			"to": [12.52543, 22.44069, 8.628],
			"rotation": {"angle": 0, "axis": "y", "origin": [3.97051, 22.15267, 5.942]},
			"faces": {
				"north": {"uv": [3.25, 12, 5.25, 12], "texture": "#0"},
				"east": {"uv": [3.5, 11.75, 3.75, 12], "texture": "#0"},
				"south": {"uv": [5, 12, 7, 12], "texture": "#0"},
				"west": {"uv": [5, 12, 5, 12], "texture": "#0"},
				"up": {"uv": [5.5, 12, 3.5, 12], "texture": "#0"},
				"down": {"uv": [7, 12, 5, 12], "texture": "#0"}
			}
		},
		{
			"name": "ribs",
			"from": [10.17343, 22.04869, 5.296],
			"to": [12.52543, 22.44069, 5.884],
			"rotation": {"angle": 0, "axis": "y", "origin": [3.97051, 22.15267, 5.942]},
			"faces": {
				"north": {"uv": [3.25, 12, 5.25, 12], "texture": "#0"},
				"east": {"uv": [3.5, 11.75, 3.75, 12], "texture": "#0"},
				"south": {"uv": [5, 12, 7, 12], "texture": "#0"},
				"west": {"uv": [5, 12, 5, 12], "texture": "#0"},
				"up": {"uv": [5.5, 12, 3.5, 12], "texture": "#0"},
				"down": {"uv": [7, 12, 5, 12], "texture": "#0"}
			}
		},
		{
			"name": "ribs",
			"from": [12.13343, 22.04869, 7.06],
			"to": [12.72143, 22.44069, 8.236],
			"rotation": {"angle": 0, "axis": "y", "origin": [3.97051, 22.15267, 5.942]},
			"faces": {
				"north": {"uv": [6.25, 12, 6.25, 12], "texture": "#0"},
				"east": {"uv": [5.5, 11.75, 6.75, 12], "texture": "#0"},
				"south": {"uv": [7, 12, 7, 12], "texture": "#0"},
				"west": {"uv": [6, 12, 7, 12], "texture": "#0"},
				"up": {"uv": [6.5, 12, 6.5, 11], "texture": "#0"},
				"down": {"uv": [6, 11, 6, 12], "texture": "#0"}
			}
		},
		{
			"name": "ribs",
			"from": [12.32943, 22.04869, 5.688],
			"to": [12.91743, 22.44069, 6.668],
			"rotation": {"angle": 0, "axis": "y", "origin": [3.97051, 22.15267, 5.942]},
			"faces": {
				"north": {"uv": [6.25, 12, 6.25, 12], "texture": "#0"},
				"east": {"uv": [6.5, 11.75, 6.75, 12], "texture": "#0"},
				"south": {"uv": [6, 12, 6, 12], "texture": "#0"},
				"west": {"uv": [6, 12, 6, 12], "texture": "#0"},
				"up": {"uv": [6.5, 12, 6.5, 12], "texture": "#0"},
				"down": {"uv": [6, 12, 6, 12], "texture": "#0"}
			}
		},
		{
			"name": "ribs",
			"from": [12.52543, 22.04869, 6.276],
			"to": [13.11343, 22.44069, 7.452],
			"rotation": {"angle": 0, "axis": "y", "origin": [3.97051, 22.15267, 5.942]},
			"faces": {
				"north": {"uv": [3.25, 12, 3.25, 12], "texture": "#0"},
				"east": {"uv": [2.5, 11.75, 3.75, 12], "texture": "#0"},
				"south": {"uv": [4, 12, 4, 12], "texture": "#0"},
				"west": {"uv": [3, 12, 4, 12], "texture": "#0"},
				"up": {"uv": [3.5, 12, 3.5, 11], "texture": "#0"},
				"down": {"uv": [3, 11, 3, 12], "texture": "#0"}
			}
		},
		{
			"name": "ribs",
			"from": [5.2525, 23.4405, 8.392],
			"to": [7.2125, 23.8325, 8.98],
			"rotation": {"angle": 0, "axis": "y", "origin": [10.646, 21.67219, 6.922]},
			"faces": {
				"north": {"uv": [4.25, 12, 5.25, 12], "texture": "#0"},
				"east": {"uv": [4.5, 11.75, 4.75, 12], "texture": "#0"},
				"south": {"uv": [5, 12, 6, 12], "texture": "#0"},
				"west": {"uv": [5, 12, 5, 12], "texture": "#0"},
				"up": {"uv": [5.5, 12, 4.5, 12], "texture": "#0"},
				"down": {"uv": [6, 12, 5, 12], "texture": "#0"}
			}
		},
		{
			"name": "ribs",
			"from": [5.4485, 23.378, 4.864],
			"to": [7.6045, 23.77, 5.452],
			"rotation": {"angle": 0, "axis": "y", "origin": [10.646, 21.67219, 6.922]},
			"faces": {
				"north": {"uv": [6.25, 12, 4.25, 12], "texture": "#0"},
				"east": {"uv": [6.5, 11.75, 6.75, 12], "texture": "#0"},
				"south": {"uv": [8, 12, 6, 12], "texture": "#0"},
				"west": {"uv": [4, 12, 4, 12], "texture": "#0"},
				"up": {"uv": [4.5, 12, 6.5, 12], "texture": "#0"},
				"down": {"uv": [6, 12, 8, 12], "texture": "#0"}
			}
		},
		{
			"name": "ribs",
			"from": [3.8805, 23.378, 8],
			"to": [5.8405, 23.77, 8.588],
			"rotation": {"angle": 0, "axis": "y", "origin": [10.646, 21.67219, 6.922]},
			"faces": {
				"north": {"uv": [5.25, 12, 4.25, 12], "texture": "#0"},
				"east": {"uv": [5.5, 11.75, 5.75, 12], "texture": "#0"},
				"south": {"uv": [6, 12, 5, 12], "texture": "#0"},
				"west": {"uv": [4, 12, 4, 12], "texture": "#0"},
				"up": {"uv": [4.5, 12, 5.5, 12], "texture": "#0"},
				"down": {"uv": [5, 12, 6, 12], "texture": "#0"}
			}
		},
		{
			"name": "ribs",
			"from": [3.8805, 23.378, 5.256],
			"to": [5.8405, 23.77, 5.844],
			"rotation": {"angle": 0, "axis": "y", "origin": [10.646, 21.67219, 6.922]},
			"faces": {
				"north": {"uv": [5.25, 12, 4.25, 12], "texture": "#0"},
				"east": {"uv": [5.5, 11.75, 5.75, 12], "texture": "#0"},
				"south": {"uv": [6, 12, 5, 12], "texture": "#0"},
				"west": {"uv": [4, 12, 4, 12], "texture": "#0"},
				"up": {"uv": [4.5, 12, 5.5, 12], "texture": "#0"},
				"down": {"uv": [5, 12, 6, 12], "texture": "#0"}
			}
		},
		{
			"name": "ribs",
			"from": [3.6845, 23.378, 7.02],
			"to": [4.2725, 23.77, 8.196],
			"rotation": {"angle": 0, "axis": "y", "origin": [10.646, 21.67219, 6.922]},
			"faces": {
				"north": {"uv": [6.25, 12, 6.25, 12], "texture": "#0"},
				"east": {"uv": [7.5, 11.75, 6.75, 12], "texture": "#0"},
				"south": {"uv": [7, 12, 7, 12], "texture": "#0"},
				"west": {"uv": [6, 12, 5, 12], "texture": "#0"},
				"up": {"uv": [6.5, 12, 6.5, 11], "texture": "#0"},
				"down": {"uv": [6, 11, 6, 12], "texture": "#0"}
			}
		},
		{
			"name": "ribs",
			"from": [3.4885, 23.378, 5.648],
			"to": [4.0765, 23.77, 6.628],
			"rotation": {"angle": 0, "axis": "y", "origin": [10.646, 21.67219, 6.922]},
			"faces": {
				"north": {"uv": [6.25, 12, 6.25, 12], "texture": "#0"},
				"east": {"uv": [6.5, 11.75, 6.75, 12], "texture": "#0"},
				"south": {"uv": [6, 12, 6, 12], "texture": "#0"},
				"west": {"uv": [6, 12, 6, 12], "texture": "#0"},
				"up": {"uv": [6.5, 12, 6.5, 12], "texture": "#0"},
				"down": {"uv": [6, 12, 6, 12], "texture": "#0"}
			}
		},
		{
			"name": "ribs",
			"from": [3.2925, 23.378, 6.236],
			"to": [3.8805, 23.77, 7.412],
			"rotation": {"angle": 0, "axis": "y", "origin": [10.646, 21.67219, 6.922]},
			"faces": {
				"north": {"uv": [6.25, 12, 6.25, 12], "texture": "#0"},
				"east": {"uv": [7.5, 11.75, 6.75, 12], "texture": "#0"},
				"south": {"uv": [7, 12, 7, 12], "texture": "#0"},
				"west": {"uv": [6, 12, 5, 12], "texture": "#0"},
				"up": {"uv": [6.5, 12, 6.5, 11], "texture": "#0"},
				"down": {"uv": [6, 11, 6, 12], "texture": "#0"}
			}
		},
		{
			"name": "ribs",
			"from": [5.2525, 22.719, 8.392],
			"to": [7.2125, 23.111, 8.98],
			"rotation": {"angle": 0, "axis": "y", "origin": [10.646, 21.67219, 6.922]},
			"faces": {
				"north": {"uv": [2.25, 12, 3.25, 12], "texture": "#0"},
				"east": {"uv": [2.5, 11.75, 2.75, 12], "texture": "#0"},
				"south": {"uv": [3, 12, 4, 12], "texture": "#0"},
				"west": {"uv": [3, 12, 3, 12], "texture": "#0"},
				"up": {"uv": [3.5, 12, 2.5, 12], "texture": "#0"},
				"down": {"uv": [4, 12, 3, 12], "texture": "#0"}
			}
		},
		{
			"name": "ribs",
			"from": [5.4485, 22.719, 4.864],
			"to": [7.6045, 23.111, 5.452],
			"rotation": {"angle": 0, "axis": "y", "origin": [10.646, 21.67219, 6.922]},
			"faces": {
				"north": {"uv": [4.25, 12, 6.25, 12], "texture": "#0"},
				"east": {"uv": [4.5, 11.75, 4.75, 12], "texture": "#0"},
				"south": {"uv": [6, 12, 8, 12], "texture": "#0"},
				"west": {"uv": [6, 12, 6, 12], "texture": "#0"},
				"up": {"uv": [6.5, 12, 4.5, 12], "texture": "#0"},
				"down": {"uv": [8, 12, 6, 12], "texture": "#0"}
			}
		},
		{
			"name": "ribs",
			"from": [3.4885, 22.719, 8],
			"to": [5.8405, 23.111, 8.588],
			"rotation": {"angle": 0, "axis": "y", "origin": [10.646, 21.67219, 6.922]},
			"faces": {
				"north": {"uv": [3.25, 3, 5.25, 3], "texture": "#0"},
				"east": {"uv": [3.5, 2.75, 3.75, 3], "texture": "#0"},
				"south": {"uv": [5, 3, 7, 3], "texture": "#0"},
				"west": {"uv": [5, 3, 5, 3], "texture": "#0"},
				"up": {"uv": [5.5, 3, 3.5, 3], "texture": "#0"},
				"down": {"uv": [7, 3, 5, 3], "texture": "#0"}
			}
		},
		{
			"name": "ribs",
			"from": [3.4885, 22.719, 5.256],
			"to": [5.8405, 23.111, 5.844],
			"rotation": {"angle": 0, "axis": "y", "origin": [10.646, 21.67219, 6.922]},
			"faces": {
				"north": {"uv": [3.25, 12, 5.25, 12], "texture": "#0"},
				"east": {"uv": [3.5, 11.75, 3.75, 12], "texture": "#0"},
				"south": {"uv": [5, 12, 7, 12], "texture": "#0"},
				"west": {"uv": [5, 12, 5, 12], "texture": "#0"},
				"up": {"uv": [5.5, 12, 3.5, 12], "texture": "#0"},
				"down": {"uv": [7, 12, 5, 12], "texture": "#0"}
			}
		},
		{
			"name": "ribs",
			"from": [3.2925, 22.719, 7.02],
			"to": [3.8805, 23.111, 8.196],
			"rotation": {"angle": 0, "axis": "y", "origin": [10.646, 21.67219, 6.922]},
			"faces": {
				"north": {"uv": [6.25, 12, 6.25, 12], "texture": "#0"},
				"east": {"uv": [5.5, 11.75, 6.75, 12], "texture": "#0"},
				"south": {"uv": [7, 12, 7, 12], "texture": "#0"},
				"west": {"uv": [6, 12, 7, 12], "texture": "#0"},
				"up": {"uv": [6.5, 12, 6.5, 11], "texture": "#0"},
				"down": {"uv": [6, 11, 6, 12], "texture": "#0"}
			}
		},
		{
			"name": "ribs",
			"from": [3.0965, 22.719, 5.648],
			"to": [3.6845, 23.111, 6.628],
			"rotation": {"angle": 0, "axis": "y", "origin": [10.646, 21.67219, 6.922]},
			"faces": {
				"north": {"uv": [3.25, 12, 3.25, 12], "texture": "#0"},
				"east": {"uv": [3.5, 11.75, 3.75, 12], "texture": "#0"},
				"south": {"uv": [3, 12, 3, 12], "texture": "#0"},
				"west": {"uv": [3, 12, 3, 12], "texture": "#0"},
				"up": {"uv": [3.5, 12, 3.5, 12], "texture": "#0"},
				"down": {"uv": [3, 12, 3, 12], "texture": "#0"}
			}
		},
		{
			"name": "ribs",
			"from": [2.9005, 22.719, 6.236],
			"to": [3.4885, 23.111, 7.412],
			"rotation": {"angle": 0, "axis": "y", "origin": [10.646, 21.67219, 6.922]},
			"faces": {
				"north": {"uv": [6.25, 12, 6.25, 12], "texture": "#0"},
				"east": {"uv": [5.5, 11.75, 6.75, 12], "texture": "#0"},
				"south": {"uv": [7, 12, 7, 12], "texture": "#0"},
				"west": {"uv": [6, 12, 7, 12], "texture": "#0"},
				"up": {"uv": [6.5, 12, 6.5, 11], "texture": "#0"},
				"down": {"uv": [6, 11, 6, 12], "texture": "#0"}
			}
		},
		{
			"name": "ribs",
			"from": [5.23857, 22.04869, 8.432],
			"to": [7.19857, 22.44069, 9.02],
			"rotation": {"angle": 0, "axis": "y", "origin": [12.02949, 22.15267, 5.942]},
			"faces": {
				"north": {"uv": [5.25, 12, 4.25, 12], "texture": "#0"},
				"east": {"uv": [5.5, 11.75, 5.75, 12], "texture": "#0"},
				"south": {"uv": [6, 12, 5, 12], "texture": "#0"},
				"west": {"uv": [4, 12, 4, 12], "texture": "#0"},
				"up": {"uv": [4.5, 12, 5.5, 12], "texture": "#0"},
				"down": {"uv": [5, 12, 6, 12], "texture": "#0"}
			}
		},
		{
			"name": "ribs",
			"from": [5.43457, 22.04869, 4.904],
			"to": [7.59057, 22.44069, 5.492],
			"rotation": {"angle": 0, "axis": "y", "origin": [12.02949, 22.15267, 5.942]},
			"faces": {
				"north": {"uv": [6.25, 12, 4.25, 12], "texture": "#0"},
				"east": {"uv": [6.5, 11.75, 6.75, 12], "texture": "#0"},
				"south": {"uv": [8, 12, 6, 12], "texture": "#0"},
				"west": {"uv": [4, 12, 4, 12], "texture": "#0"},
				"up": {"uv": [4.5, 12, 6.5, 12], "texture": "#0"},
				"down": {"uv": [6, 12, 8, 12], "texture": "#0"}
			}
		},
		{
			"name": "ribs",
			"from": [3.47457, 22.04869, 8.04],
			"to": [5.82657, 22.44069, 8.628],
			"rotation": {"angle": 0, "axis": "y", "origin": [12.02949, 22.15267, 5.942]},
			"faces": {
				"north": {"uv": [5.25, 12, 3.25, 12], "texture": "#0"},
				"east": {"uv": [5.5, 11.75, 5.75, 12], "texture": "#0"},
				"south": {"uv": [7, 12, 5, 12], "texture": "#0"},
				"west": {"uv": [3, 12, 3, 12], "texture": "#0"},
				"up": {"uv": [3.5, 12, 5.5, 12], "texture": "#0"},
				"down": {"uv": [5, 12, 7, 12], "texture": "#0"}
			}
		},
		{
			"name": "ribs",
			"from": [3.47457, 22.04869, 5.296],
			"to": [5.82657, 22.44069, 5.884],
			"rotation": {"angle": 0, "axis": "y", "origin": [12.02949, 22.15267, 5.942]},
			"faces": {
				"north": {"uv": [5.25, 12, 3.25, 12], "texture": "#0"},
				"east": {"uv": [5.5, 11.75, 5.75, 12], "texture": "#0"},
				"south": {"uv": [7, 12, 5, 12], "texture": "#0"},
				"west": {"uv": [3, 12, 3, 12], "texture": "#0"},
				"up": {"uv": [3.5, 12, 5.5, 12], "texture": "#0"},
				"down": {"uv": [5, 12, 7, 12], "texture": "#0"}
			}
		},
		{
			"name": "ribs",
			"from": [3.27857, 22.04869, 7.06],
			"to": [3.86657, 22.44069, 8.236],
			"rotation": {"angle": 0, "axis": "y", "origin": [12.02949, 22.15267, 5.942]},
			"faces": {
				"north": {"uv": [6.25, 12, 6.25, 12], "texture": "#0"},
				"east": {"uv": [7.5, 11.75, 6.75, 12], "texture": "#0"},
				"south": {"uv": [7, 12, 7, 12], "texture": "#0"},
				"west": {"uv": [6, 12, 5, 12], "texture": "#0"},
				"up": {"uv": [6.5, 12, 6.5, 11], "texture": "#0"},
				"down": {"uv": [6, 11, 6, 12], "texture": "#0"}
			}
		},
		{
			"name": "ribs",
			"from": [3.08257, 22.04869, 5.688],
			"to": [3.67057, 22.44069, 6.668],
			"rotation": {"angle": 0, "axis": "y", "origin": [12.02949, 22.15267, 5.942]},
			"faces": {
				"north": {"uv": [6.25, 12, 6.25, 12], "texture": "#0"},
				"east": {"uv": [6.5, 11.75, 6.75, 12], "texture": "#0"},
				"south": {"uv": [6, 12, 6, 12], "texture": "#0"},
				"west": {"uv": [6, 12, 6, 12], "texture": "#0"},
				"up": {"uv": [6.5, 12, 6.5, 12], "texture": "#0"},
				"down": {"uv": [6, 12, 6, 12], "texture": "#0"}
			}
		},
		{
			"name": "ribs",
			"from": [2.88657, 22.04869, 6.276],
			"to": [3.47457, 22.44069, 7.452],
			"rotation": {"angle": 0, "axis": "y", "origin": [12.02949, 22.15267, 5.942]},
			"faces": {
				"north": {"uv": [3.25, 12, 3.25, 12], "texture": "#0"},
				"east": {"uv": [4.5, 11.75, 3.75, 12], "texture": "#0"},
				"south": {"uv": [4, 12, 4, 12], "texture": "#0"},
				"west": {"uv": [3, 12, 2, 12], "texture": "#0"},
				"up": {"uv": [3.5, 12, 3.5, 11], "texture": "#0"},
				"down": {"uv": [3, 11, 3, 12], "texture": "#0"}
			}
		},
		{
			"name": "ribs",
			"from": [5.28059, 21.37827, 8.432],
			"to": [7.24059, 21.77027, 9.02],
			"rotation": {"angle": 0, "axis": "y", "origin": [11.2683, 22.16197, 5.942]},
			"faces": {
				"north": {"uv": [2.25, 3, 3.25, 3], "texture": "#0"},
				"east": {"uv": [2.5, 2.75, 2.75, 3], "texture": "#0"},
				"south": {"uv": [3, 3, 4, 3], "texture": "#0"},
				"west": {"uv": [3, 3, 3, 3], "texture": "#0"},
				"up": {"uv": [3.5, 3, 2.5, 3], "texture": "#0"},
				"down": {"uv": [4, 3, 3, 3], "texture": "#0"}
			}
		},
		{
			"name": "ribs",
			"from": [5.47659, 21.37827, 4.904],
			"to": [7.63259, 21.77027, 5.492],
			"rotation": {"angle": 0, "axis": "y", "origin": [11.2683, 22.16197, 5.942]},
			"faces": {
				"north": {"uv": [4.25, 12, 6.25, 12], "texture": "#0"},
				"east": {"uv": [4.5, 11.75, 4.75, 12], "texture": "#0"},
				"south": {"uv": [6, 12, 8, 12], "texture": "#0"},
				"west": {"uv": [6, 12, 6, 12], "texture": "#0"},
				"up": {"uv": [6.5, 12, 4.5, 12], "texture": "#0"},
				"down": {"uv": [8, 12, 6, 12], "texture": "#0"}
			}
		},
		{
			"name": "ribs",
			"from": [3.90859, 21.37827, 8.04],
			"to": [5.86859, 21.77027, 8.628],
			"rotation": {"angle": 0, "axis": "y", "origin": [11.2683, 22.16197, 5.942]},
			"faces": {
				"north": {"uv": [4.25, 12, 5.25, 12], "texture": "#0"},
				"east": {"uv": [4.5, 11.75, 4.75, 12], "texture": "#0"},
				"south": {"uv": [5, 12, 6, 12], "texture": "#0"},
				"west": {"uv": [5, 12, 5, 12], "texture": "#0"},
				"up": {"uv": [5.5, 12, 4.5, 12], "texture": "#0"},
				"down": {"uv": [6, 12, 5, 12], "texture": "#0"}
			}
		},
		{
			"name": "ribs",
			"from": [3.90859, 21.37827, 5.296],
			"to": [5.86859, 21.77027, 5.884],
			"rotation": {"angle": 0, "axis": "y", "origin": [11.2683, 22.16197, 5.942]},
			"faces": {
				"north": {"uv": [4.25, 12, 5.25, 12], "texture": "#0"},
				"east": {"uv": [4.5, 11.75, 4.75, 12], "texture": "#0"},
				"south": {"uv": [5, 12, 6, 12], "texture": "#0"},
				"west": {"uv": [5, 12, 5, 12], "texture": "#0"},
				"up": {"uv": [5.5, 12, 4.5, 12], "texture": "#0"},
				"down": {"uv": [6, 12, 5, 12], "texture": "#0"}
			}
		},
		{
			"name": "ribs",
			"from": [3.71259, 21.37827, 7.06],
			"to": [4.30059, 21.77027, 8.236],
			"rotation": {"angle": 0, "axis": "y", "origin": [11.2683, 22.16197, 5.942]},
			"faces": {
				"north": {"uv": [6.25, 12, 6.25, 12], "texture": "#0"},
				"east": {"uv": [5.5, 11.75, 6.75, 12], "texture": "#0"},
				"south": {"uv": [7, 12, 7, 12], "texture": "#0"},
				"west": {"uv": [6, 12, 7, 12], "texture": "#0"},
				"up": {"uv": [6.5, 12, 6.5, 11], "texture": "#0"},
				"down": {"uv": [6, 11, 6, 12], "texture": "#0"}
			}
		},
		{
			"name": "ribs",
			"from": [3.51659, 21.37827, 5.688],
			"to": [4.10459, 21.77027, 6.668],
			"rotation": {"angle": 0, "axis": "y", "origin": [11.2683, 22.16197, 5.942]},
			"faces": {
				"north": {"uv": [6.25, 5, 6.25, 5], "texture": "#0"},
				"east": {"uv": [6.5, 4.75, 6.75, 5], "texture": "#0"},
				"south": {"uv": [6, 5, 6, 5], "texture": "#0"},
				"west": {"uv": [6, 5, 6, 5], "texture": "#0"},
				"up": {"uv": [6.5, 5, 6.5, 5], "texture": "#0"},
				"down": {"uv": [6, 5, 6, 5], "texture": "#0"}
			}
		},
		{
			"name": "ribs",
			"from": [3.32059, 21.37827, 6.276],
			"to": [3.90859, 21.77027, 7.452],
			"rotation": {"angle": 0, "axis": "y", "origin": [11.2683, 22.16197, 5.942]},
			"faces": {
				"north": {"uv": [6.25, 12, 6.25, 12], "texture": "#0"},
				"east": {"uv": [5.5, 11.75, 6.75, 12], "texture": "#0"},
				"south": {"uv": [7, 12, 7, 12], "texture": "#0"},
				"west": {"uv": [6, 12, 7, 12], "texture": "#0"},
				"up": {"uv": [6.5, 12, 6.5, 11], "texture": "#0"},
				"down": {"uv": [6, 11, 6, 12], "texture": "#0"}
			}
		},
		{
			"name": "ribs",
			"from": [5.23321, 20.71306, 8.432],
			"to": [7.19321, 21.10506, 9.02],
			"rotation": {"angle": 0, "axis": "y", "origin": [11.37757, 21.81171, 5.942]},
			"faces": {
				"north": {"uv": [4.25, 12, 5.25, 12], "texture": "#0"},
				"east": {"uv": [4.5, 11.75, 4.75, 12], "texture": "#0"},
				"south": {"uv": [5, 12, 6, 12], "texture": "#0"},
				"west": {"uv": [5, 12, 5, 12], "texture": "#0"},
				"up": {"uv": [5.5, 12, 4.5, 12], "texture": "#0"},
				"down": {"uv": [6, 12, 5, 12], "texture": "#0"}
			}
		},
		{
			"name": "ribs",
			"from": [5.42921, 20.71306, 4.904],
			"to": [7.58521, 21.10506, 5.492],
			"rotation": {"angle": 0, "axis": "y", "origin": [11.37757, 21.81171, 5.942]},
			"faces": {
				"north": {"uv": [4.25, 12, 6.25, 12], "texture": "#0"},
				"east": {"uv": [4.5, 11.75, 4.75, 12], "texture": "#0"},
				"south": {"uv": [6, 12, 8, 12], "texture": "#0"},
				"west": {"uv": [6, 12, 6, 12], "texture": "#0"},
				"up": {"uv": [6.5, 12, 4.5, 12], "texture": "#0"},
				"down": {"uv": [8, 12, 6, 12], "texture": "#0"}
			}
		},
		{
			"name": "ribs",
			"from": [4.25321, 20.71306, 8.04],
			"to": [5.82121, 21.10506, 8.628],
			"rotation": {"angle": 0, "axis": "y", "origin": [11.37757, 21.81171, 5.942]},
			"faces": {
				"north": {"uv": [5.25, 12, 6.25, 12], "texture": "#0"},
				"east": {"uv": [5.5, 11.75, 5.75, 12], "texture": "#0"},
				"south": {"uv": [6, 12, 7, 12], "texture": "#0"},
				"west": {"uv": [6, 12, 6, 12], "texture": "#0"},
				"up": {"uv": [6.5, 12, 5.5, 12], "texture": "#0"},
				"down": {"uv": [7, 12, 6, 12], "texture": "#0"}
			}
		},
		{
			"name": "ribs",
			"from": [4.25321, 20.71306, 5.296],
			"to": [5.82121, 21.10506, 5.884],
			"rotation": {"angle": 0, "axis": "y", "origin": [11.37757, 21.81171, 5.942]},
			"faces": {
				"north": {"uv": [5.25, 3, 6.25, 3], "texture": "#0"},
				"east": {"uv": [5.5, 2.75, 5.75, 3], "texture": "#0"},
				"south": {"uv": [6, 3, 7, 3], "texture": "#0"},
				"west": {"uv": [6, 3, 6, 3], "texture": "#0"},
				"up": {"uv": [6.5, 3, 5.5, 3], "texture": "#0"},
				"down": {"uv": [7, 3, 6, 3], "texture": "#0"}
			}
		},
		{
			"name": "ribs",
			"from": [4.05721, 20.71306, 7.06],
			"to": [4.64521, 21.10506, 8.236],
			"rotation": {"angle": 0, "axis": "y", "origin": [11.37757, 21.81171, 5.942]},
			"faces": {
				"north": {"uv": [3.25, 12, 3.25, 12], "texture": "#0"},
				"east": {"uv": [2.5, 11.75, 3.75, 12], "texture": "#0"},
				"south": {"uv": [4, 12, 4, 12], "texture": "#0"},
				"west": {"uv": [3, 12, 4, 12], "texture": "#0"},
				"up": {"uv": [3.5, 12, 3.5, 11], "texture": "#0"},
				"down": {"uv": [3, 11, 3, 12], "texture": "#0"}
			}
		},
		{
			"name": "ribs",
			"from": [3.86121, 20.71306, 5.688],
			"to": [4.44921, 21.10506, 6.668],
			"rotation": {"angle": 0, "axis": "y", "origin": [11.37757, 21.81171, 5.942]},
			"faces": {
				"north": {"uv": [6.25, 12, 6.25, 12], "texture": "#0"},
				"east": {"uv": [6.5, 11.75, 6.75, 12], "texture": "#0"},
				"south": {"uv": [6, 12, 6, 12], "texture": "#0"},
				"west": {"uv": [6, 12, 6, 12], "texture": "#0"},
				"up": {"uv": [6.5, 12, 6.5, 12], "texture": "#0"},
				"down": {"uv": [6, 12, 6, 12], "texture": "#0"}
			}
		},
		{
			"name": "ribs",
			"from": [3.66521, 20.71306, 6.276],
			"to": [4.25321, 21.10506, 7.452],
			"rotation": {"angle": 0, "axis": "y", "origin": [11.37757, 21.81171, 5.942]},
			"faces": {
				"north": {"uv": [6.25, 12, 6.25, 12], "texture": "#0"},
				"east": {"uv": [5.5, 11.75, 6.75, 12], "texture": "#0"},
				"south": {"uv": [7, 12, 7, 12], "texture": "#0"},
				"west": {"uv": [6, 12, 7, 12], "texture": "#0"},
				"up": {"uv": [6.5, 12, 6.5, 11], "texture": "#0"},
				"down": {"uv": [6, 11, 6, 12], "texture": "#0"}
			}
		},
		{
			"name": "ribs",
			"from": [5.2242, 20.05568, 8.432],
			"to": [7.1842, 20.44768, 9.02],
			"rotation": {"angle": 0, "axis": "y", "origin": [10.06124, 19.74468, 5.942]},
			"faces": {
				"north": {"uv": [4.25, 12, 5.25, 12], "texture": "#0"},
				"east": {"uv": [4.5, 11.75, 4.75, 12], "texture": "#0"},
				"south": {"uv": [5, 12, 6, 12], "texture": "#0"},
				"west": {"uv": [5, 12, 5, 12], "texture": "#0"},
				"up": {"uv": [5.5, 12, 4.5, 12], "texture": "#0"},
				"down": {"uv": [6, 12, 5, 12], "texture": "#0"}
			}
		},
		{
			"name": "ribs",
			"from": [4.2442, 20.05568, 8.04],
			"to": [5.8122, 20.44768, 8.628],
			"rotation": {"angle": 0, "axis": "y", "origin": [10.06124, 19.74468, 5.942]},
			"faces": {
				"north": {"uv": [5.25, 12, 6.25, 12], "texture": "#0"},
				"east": {"uv": [5.5, 11.75, 5.75, 12], "texture": "#0"},
				"south": {"uv": [6, 12, 7, 12], "texture": "#0"},
				"west": {"uv": [6, 12, 6, 12], "texture": "#0"},
				"up": {"uv": [6.5, 12, 5.5, 12], "texture": "#0"},
				"down": {"uv": [7, 12, 6, 12], "texture": "#0"}
			}
		},
		{
			"name": "ribs",
			"from": [4.0482, 20.05568, 7.06],
			"to": [4.6362, 20.44768, 8.236],
			"rotation": {"angle": 0, "axis": "y", "origin": [10.06124, 19.74468, 5.942]},
			"faces": {
				"north": {"uv": [6.25, 2, 6.25, 2], "texture": "#0"},
				"east": {"uv": [5.5, 1.75, 6.75, 2], "texture": "#0"},
				"south": {"uv": [7, 2, 7, 2], "texture": "#0"},
				"west": {"uv": [6, 2, 7, 2], "texture": "#0"},
				"up": {"uv": [6.5, 2, 6.5, 1], "texture": "#0"},
				"down": {"uv": [6, 1, 6, 2], "texture": "#0"}
			}
		},
		{
			"name": "ribs",
			"from": [3.6562, 20.05568, 6.276],
			"to": [4.2442, 20.44768, 7.452],
			"rotation": {"angle": 0, "axis": "y", "origin": [10.06124, 19.74468, 5.942]},
			"faces": {
				"north": {"uv": [6.25, 12, 6.25, 12], "texture": "#0"},
				"east": {"uv": [5.5, 11.75, 6.75, 12], "texture": "#0"},
				"south": {"uv": [7, 12, 7, 12], "texture": "#0"},
				"west": {"uv": [6, 12, 7, 12], "texture": "#0"},
				"up": {"uv": [6.5, 12, 6.5, 11], "texture": "#0"},
				"down": {"uv": [6, 11, 6, 12], "texture": "#0"}
			}
		},
		{
			"name": "ribs",
			"from": [3.8522, 20.05568, 5.688],
			"to": [4.4402, 20.44768, 6.668],
			"rotation": {"angle": 0, "axis": "y", "origin": [10.06124, 19.74468, 5.942]},
			"faces": {
				"north": {"uv": [6.25, 5, 6.25, 5], "texture": "#0"},
				"east": {"uv": [6.5, 4.75, 6.75, 5], "texture": "#0"},
				"south": {"uv": [6, 5, 6, 5], "texture": "#0"},
				"west": {"uv": [6, 5, 6, 5], "texture": "#0"},
				"up": {"uv": [6.5, 5, 6.5, 5], "texture": "#0"},
				"down": {"uv": [6, 5, 6, 5], "texture": "#0"}
			}
		},
		{
			"name": "ribs",
			"from": [4.2442, 20.05568, 5.296],
			"to": [5.8122, 20.44768, 5.884],
			"rotation": {"angle": 0, "axis": "y", "origin": [10.06124, 19.74468, 5.942]},
			"faces": {
				"north": {"uv": [5.25, 12, 6.25, 12], "texture": "#0"},
				"east": {"uv": [5.5, 11.75, 5.75, 12], "texture": "#0"},
				"south": {"uv": [6, 12, 7, 12], "texture": "#0"},
				"west": {"uv": [6, 12, 6, 12], "texture": "#0"},
				"up": {"uv": [6.5, 12, 5.5, 12], "texture": "#0"},
				"down": {"uv": [7, 12, 6, 12], "texture": "#0"}
			}
		},
		{
			"name": "ribs",
			"from": [5.4202, 20.05568, 4.904],
			"to": [7.5762, 20.44768, 5.492],
			"rotation": {"angle": 0, "axis": "y", "origin": [10.06124, 19.74468, 5.942]},
			"faces": {
				"north": {"uv": [4.25, 7.25, 6.25, 7.25], "texture": "#0"},
				"east": {"uv": [4.5, 7.75, 4.75, 8], "texture": "#0"},
				"south": {"uv": [6, 7, 8, 7], "texture": "#0"},
				"west": {"uv": [6, 7, 6, 7], "texture": "#0"},
				"up": {"uv": [6.75, 7.75, 4.75, 7.75], "texture": "#0"},
				"down": {"uv": [8, 7, 6, 7], "texture": "#0"}
			}
		},
		{
			"name": "arm",
			"from": [1.356, 11.87237, 6.65022],
			"to": [2.299, 19.28087, 8.21822],
			"rotation": {"angle": 0, "axis": "x", "origin": [8.01563, 12.46369, 3.7469]},
			"faces": {
				"north": {"uv": [1.25, 10, 1.25, 15], "texture": "#0"},
				"east": {"uv": [0.5, 9.75, 1.75, 15], "texture": "#0"},
				"south": {"uv": [2, 10, 2, 15], "texture": "#0"},
				"west": {"uv": [1, 10, 2, 15], "texture": "#0"},
				"up": {"uv": [1.5, 10, 1.5, 9], "texture": "#0"},
				"down": {"uv": [1, 9, 1, 10], "texture": "#0"}
			}
		},
		{
			"name": "arm",
			"from": [13.62729, 18.99068, 6.51946],
			"to": [14.69529, 24.87068, 8.08746],
			"rotation": {"angle": 0, "axis": "y", "origin": [14.68129, 21.78868, 7.30346]},
			"faces": {
				"north": {"uv": [12.25, 10, 11.25, 15], "texture": "#0"},
				"east": {"uv": [13.5, 9.75, 12.75, 15], "texture": "#0"},
				"south": {"uv": [14, 10, 13, 15], "texture": "#0"},
				"west": {"uv": [11, 10, 10, 15], "texture": "#0"},
				"up": {"uv": [11.5, 10, 12.5, 9], "texture": "#0"},
				"down": {"uv": [12, 9, 13, 10], "texture": "#0"}
			}
		},
		{
			"name": "arm",
			"from": [13.701, 11.87237, 6.65022],
			"to": [14.644, 19.28087, 8.21822],
			"rotation": {"angle": 0, "axis": "x", "origin": [8.01563, 12.46369, 3.7469]},
			"faces": {
				"north": {"uv": [1.25, 10, 1.25, 15], "texture": "#0"},
				"east": {"uv": [2.5, 9.75, 1.75, 15], "texture": "#0"},
				"south": {"uv": [2, 10, 2, 15], "texture": "#0"},
				"west": {"uv": [7, 9.75, 6, 14.75], "texture": "#0"},
				"up": {"uv": [1.5, 10, 1.5, 9], "texture": "#0"},
				"down": {"uv": [1, 9, 1, 10], "texture": "#0"}
			}
		},
		{
			"name": "arm",
			"from": [1.30471, 18.99068, 6.51946],
			"to": [2.37271, 24.87068, 8.08746],
			"rotation": {"angle": 0, "axis": "y", "origin": [1.31871, 21.78868, 7.30346]},
			"faces": {
				"north": {"uv": [11.25, 10, 12.25, 15], "texture": "#0"},
				"east": {"uv": [10.5, 9.75, 11.75, 15], "texture": "#0"},
				"south": {"uv": [13, 10, 14, 15], "texture": "#0"},
				"west": {"uv": [12, 10, 13, 15], "texture": "#0"},
				"up": {"uv": [12.5, 10, 11.5, 9], "texture": "#0"},
				"down": {"uv": [13, 9, 12, 10], "texture": "#0"}
			}
		},
		{
			"name": "handle",
			"from": [13.8125, 12.57298, -1.51726],
			"to": [14.5625, 13.32298, 9.48274],
			"rotation": {"angle": 0, "axis": "x", "origin": [8.01563, 12.46369, 3.7469]},
			"faces": {
				"north": {"uv": [6.375, 5.875, 6, 5.5], "rotation": 180, "texture": "#1"},
				"east": {"uv": [0.5, 0, 0.875, 5.5], "rotation": 90, "texture": "#1"},
				"south": {"uv": [6.375, 6, 6, 6.375], "texture": "#1"},
				"west": {"uv": [1.5, 0, 1.875, 5.5], "rotation": 270, "texture": "#1"},
				"up": {"uv": [1, 0, 1.375, 5.5], "texture": "#1"},
				"down": {"uv": [0, 0, 0.375, 5.5], "rotation": 180, "texture": "#1"}
			}
		},
		{
			"name": "blade",
			"from": [1.3125, 7.02296, -0.0648],
			"to": [2.3125, 14.02296, 0.9352],
			"rotation": {"angle": 22.5, "axis": "x", "origin": [8.01563, 12.46369, 3.7469]},
			"faces": {
				"north": {"uv": [2.5, 4.5, 2, 1], "rotation": 180, "texture": "#1"},
				"east": {"uv": [2, 0, 5.5, 0.5], "rotation": 90, "texture": "#1"},
				"south": {"uv": [3, 1, 2.5, 4.5], "texture": "#1"},
				"west": {"uv": [2, 0.5, 5.5, 1], "rotation": 270, "texture": "#1"},
				"up": {"uv": [5.5, 0.5, 6, 1], "texture": "#1"},
				"down": {"uv": [5.5, 0, 6, 0.5], "rotation": 180, "texture": "#1"}
			}
		},
		{
			"name": "blade",
			"from": [1.375, 7.08546, 0.7477],
			"to": [2.25, 9.83546, 1.7477],
			"rotation": {"angle": 22.5, "axis": "x", "origin": [8.01563, 12.46369, 3.7469]},
			"faces": {
				"north": {"uv": [5.5, 3.375, 5, 2], "rotation": 180, "texture": "#1"},
				"east": {"uv": [5, 1, 6.375, 1.5], "rotation": 90, "texture": "#1"},
				"south": {"uv": [5.5, 3.5, 5, 4.875], "texture": "#1"},
				"west": {"uv": [5, 1.5, 6.375, 2], "rotation": 270, "texture": "#1"},
				"up": {"uv": [0.5, 6, 1, 6.5], "texture": "#1"},
				"down": {"uv": [6, 0, 6.5, 0.5], "rotation": 180, "texture": "#1"}
			}
		},
		{
			"name": "blade",
			"from": [1.4375, 8.36318, -0.13613],
			"to": [2.1875, 15.36318, 0.86387],
			"rotation": {"angle": 0, "axis": "x", "origin": [8.01563, 12.46369, 3.7469]},
			"faces": {
				"north": {"uv": [3, 4.5, 3.375, 8], "texture": "#1"},
				"east": {"uv": [2, 4.5, 2.5, 8], "texture": "#1"},
				"south": {"uv": [3.5, 4.5, 3.875, 8], "texture": "#1"},
				"west": {"uv": [2.5, 4.5, 3, 8], "texture": "#1"},
				"up": {"uv": [6.375, 1, 6, 0.5], "texture": "#1"},
				"down": {"uv": [1.375, 6, 1, 6.5], "texture": "#1"}
			}
		},
		{
			"name": "blade",
			"from": [1.5625, 8.42585, 0.64619],
			"to": [2.125, 11.17585, 1.64619],
			"rotation": {"angle": 0, "axis": "x", "origin": [8.01563, 12.46369, 3.7469]},
			"faces": {
				"north": {"uv": [5.75, 4.875, 5.5, 3.5], "rotation": 180, "texture": "#1"},
				"east": {"uv": [5, 5, 6.375, 5.5], "rotation": 90, "texture": "#1"},
				"south": {"uv": [0.25, 6, 0, 7.375], "texture": "#1"},
				"west": {"uv": [0, 5.5, 1.375, 6], "rotation": 270, "texture": "#1"},
				"up": {"uv": [0.5, 6.5, 0.75, 7], "texture": "#1"},
				"down": {"uv": [6.5, 0, 6.75, 0.5], "rotation": 180, "texture": "#1"}
			}
		},
		{
			"name": "blade",
			"from": [1.625, 9.62869, 0.31084],
			"to": [2.0625, 16.62869, 1.31084],
			"rotation": {"angle": -22.5, "axis": "x", "origin": [8.01563, 12.46369, 3.7469]},
			"faces": {
				"north": {"uv": [4, 4.5, 4.25, 8], "texture": "#1"},
				"east": {"uv": [4, 1, 4.5, 4.5], "texture": "#1"},
				"south": {"uv": [4.5, 4.5, 4.75, 8], "texture": "#1"},
				"west": {"uv": [4.5, 1, 5, 4.5], "texture": "#1"},
				"up": {"uv": [6.75, 1, 6.5, 0.5], "texture": "#1"},
				"down": {"uv": [1.25, 6.5, 1, 7], "texture": "#1"}
			}
		},
		{
			"name": "blade",
			"from": [1.6875, 9.67163, 1.08465],
			"to": [2, 12.42163, 2.08465],
			"rotation": {"angle": -22.5, "axis": "x", "origin": [8.01563, 12.46369, 3.7469]},
			"faces": {
				"north": {"uv": [6, 2, 6.125, 3.375], "texture": "#1"},
				"east": {"uv": [1.5, 5.5, 2, 6.875], "texture": "#1"},
				"south": {"uv": [6, 3.5, 6.125, 4.875], "texture": "#1"},
				"west": {"uv": [5.5, 2, 6, 3.375], "texture": "#1"},
				"up": {"uv": [6.625, 1.5, 6.5, 1], "texture": "#1"},
				"down": {"uv": [6.625, 1.5, 6.5, 2], "texture": "#1"}
			}
		},
		{
			"name": "blade",
			"from": [1.75, 10.62681, 1.20808],
			"to": [1.9375, 17.62681, 2.20808],
			"rotation": {"angle": -45, "axis": "x", "origin": [8.01563, 12.46369, 3.7469]},
			"faces": {
				"north": {"uv": [5, 5.5, 5.125, 9], "texture": "#1"},
				"east": {"uv": [3, 1, 3.5, 4.5], "texture": "#1"},
				"south": {"uv": [5.5, 5.5, 5.625, 9], "texture": "#1"},
				"west": {"uv": [3.5, 1, 4, 4.5], "texture": "#1"},
				"up": {"uv": [6.625, 2.5, 6.5, 2], "texture": "#1"},
				"down": {"uv": [6.625, 2.5, 6.5, 3], "texture": "#1"}
			}
		},
		{
			"name": "handle",
			"from": [1.4375, 12.57298, -1.51726],
			"to": [2.1875, 13.32298, 9.48274],
			"rotation": {"angle": 0, "axis": "x", "origin": [8.01563, 12.46369, 3.7469]},
			"faces": {
				"north": {"uv": [6.375, 5.875, 6, 5.5], "rotation": 180, "texture": "#1"},
				"east": {"uv": [0.5, 0, 0.875, 5.5], "rotation": 90, "texture": "#1"},
				"south": {"uv": [6.375, 6, 6, 6.375], "texture": "#1"},
				"west": {"uv": [1.5, 0, 1.875, 5.5], "rotation": 270, "texture": "#1"},
				"up": {"uv": [1, 0, 1.375, 5.5], "texture": "#1"},
				"down": {"uv": [0, 0, 0.375, 5.5], "rotation": 180, "texture": "#1"}
			}
		},
		{
			"name": "blade",
			"from": [13.6875, 7.02296, -0.0648],
			"to": [14.6875, 14.02296, 0.9352],
			"rotation": {"angle": 22.5, "axis": "x", "origin": [8.01563, 12.46369, 3.7469]},
			"faces": {
				"north": {"uv": [2.5, 4.5, 2, 1], "rotation": 180, "texture": "#1"},
				"east": {"uv": [2, 0, 5.5, 0.5], "rotation": 90, "texture": "#1"},
				"south": {"uv": [3, 1, 2.5, 4.5], "texture": "#1"},
				"west": {"uv": [2, 0.5, 5.5, 1], "rotation": 270, "texture": "#1"},
				"up": {"uv": [5.5, 0.5, 6, 1], "texture": "#1"},
				"down": {"uv": [5.5, 0, 6, 0.5], "rotation": 180, "texture": "#1"}
			}
		},
		{
			"name": "blade",
			"from": [13.75, 7.08546, 0.7477],
			"to": [14.625, 9.83546, 1.7477],
			"rotation": {"angle": 22.5, "axis": "x", "origin": [8.01563, 12.46369, 3.7469]},
			"faces": {
				"north": {"uv": [5.5, 3.375, 5, 2], "rotation": 180, "texture": "#1"},
				"east": {"uv": [5, 1, 6.375, 1.5], "rotation": 90, "texture": "#1"},
				"south": {"uv": [5.5, 3.5, 5, 4.875], "texture": "#1"},
				"west": {"uv": [5, 1.5, 6.375, 2], "rotation": 270, "texture": "#1"},
				"up": {"uv": [0.5, 6, 1, 6.5], "texture": "#1"},
				"down": {"uv": [6, 0, 6.5, 0.5], "rotation": 180, "texture": "#1"}
			}
		},
		{
			"name": "blade",
			"from": [13.9375, 8.42585, 0.64619],
			"to": [14.5, 11.17585, 1.64619],
			"rotation": {"angle": 0, "axis": "x", "origin": [8.01563, 12.46369, 3.7469]},
			"faces": {
				"north": {"uv": [5.75, 4.875, 5.5, 3.5], "rotation": 180, "texture": "#1"},
				"east": {"uv": [5, 5, 6.375, 5.5], "rotation": 90, "texture": "#1"},
				"south": {"uv": [0.25, 6, 0, 7.375], "texture": "#1"},
				"west": {"uv": [0, 5.5, 1.375, 6], "rotation": 270, "texture": "#1"},
				"up": {"uv": [0.5, 6.5, 0.75, 7], "texture": "#1"},
				"down": {"uv": [6.5, 0, 6.75, 0.5], "rotation": 180, "texture": "#1"}
			}
		},
		{
			"name": "blade",
			"from": [14.0625, 9.67163, 1.08465],
			"to": [14.375, 12.42163, 2.08465],
			"rotation": {"angle": -22.5, "axis": "x", "origin": [8.01563, 12.46369, 3.7469]},
			"faces": {
				"north": {"uv": [6, 2, 6.125, 3.375], "texture": "#1"},
				"east": {"uv": [1.5, 5.5, 2, 6.875], "texture": "#1"},
				"south": {"uv": [6, 3.5, 6.125, 4.875], "texture": "#1"},
				"west": {"uv": [5.5, 2, 6, 3.375], "texture": "#1"},
				"up": {"uv": [6.625, 1.5, 6.5, 1], "texture": "#1"},
				"down": {"uv": [6.625, 1.5, 6.5, 2], "texture": "#1"}
			}
		},
		{
			"name": "blade",
			"from": [14.125, 10.62681, 1.20808],
			"to": [14.3125, 17.62681, 2.20808],
			"rotation": {"angle": -45, "axis": "x", "origin": [8.01563, 12.46369, 3.7469]},
			"faces": {
				"north": {"uv": [5, 5.5, 5.125, 9], "texture": "#1"},
				"east": {"uv": [3, 1, 3.5, 4.5], "texture": "#1"},
				"south": {"uv": [5.5, 5.5, 5.625, 9], "texture": "#1"},
				"west": {"uv": [3.5, 1, 4, 4.5], "texture": "#1"},
				"up": {"uv": [6.625, 2.5, 6.5, 2], "texture": "#1"},
				"down": {"uv": [6.625, 2.5, 6.5, 3], "texture": "#1"}
			}
		},
		{
			"name": "blade",
			"from": [14, 9.62869, 0.31084],
			"to": [14.4375, 16.62869, 1.31084],
			"rotation": {"angle": -22.5, "axis": "x", "origin": [8.01563, 12.46369, 3.7469]},
			"faces": {
				"north": {"uv": [4, 4.5, 4.25, 8], "texture": "#1"},
				"east": {"uv": [4, 1, 4.5, 4.5], "texture": "#1"},
				"south": {"uv": [4.5, 4.5, 4.75, 8], "texture": "#1"},
				"west": {"uv": [4.5, 1, 5, 4.5], "texture": "#1"},
				"up": {"uv": [6.75, 1, 6.5, 0.5], "texture": "#1"},
				"down": {"uv": [1.25, 6.5, 1, 7], "texture": "#1"}
			}
		},
		{
			"name": "blade",
			"from": [13.8125, 8.36318, -0.13613],
			"to": [14.5625, 15.36318, 0.86387],
			"rotation": {"angle": 0, "axis": "x", "origin": [8.01563, 12.46369, 3.7469]},
			"faces": {
				"north": {"uv": [3, 4.5, 3.375, 8], "texture": "#1"},
				"east": {"uv": [2, 4.5, 2.5, 8], "texture": "#1"},
				"south": {"uv": [3.5, 4.5, 3.875, 8], "texture": "#1"},
				"west": {"uv": [2.5, 4.5, 3, 8], "texture": "#1"},
				"up": {"uv": [6.375, 1, 6, 0.5], "texture": "#1"},
				"down": {"uv": [1.375, 6, 1, 6.5], "texture": "#1"}
			}
		},
		{
			"name": "tibia",
			"from": [4.864, 0.67466, 6.61999],
			"to": [6.432, 6.69666, 8.18799],
			"rotation": {"angle": 0, "axis": "y", "origin": [5.648, 3.49816, 7.65399]},
			"faces": {
				"north": {"uv": [10.25, 8, 11.25, 14], "texture": "#0"},
				"east": {"uv": [9.5, 7.75, 10.75, 14], "texture": "#0"},
				"south": {"uv": [12, 8, 13, 14], "texture": "#0"},
				"west": {"uv": [11, 8, 12, 14], "texture": "#0"},
				"up": {"uv": [11.5, 8, 10.5, 7], "texture": "#0"},
				"down": {"uv": [12, 7, 11, 8], "texture": "#0"}
			}
		},
		{
			"name": "tibia",
			"from": [4.864, 6.64852, 6.48878],
			"to": [6.432, 13.65052, 8.05678],
			"rotation": {"angle": 0, "axis": "y", "origin": [5.648, 10.02452, 7.27278]},
			"faces": {
				"north": {"uv": [7.25, 6, 8.25, 13], "texture": "#0"},
				"east": {"uv": [6.5, 5.75, 7.75, 13], "texture": "#0"},
				"south": {"uv": [9, 6, 10, 13], "texture": "#0"},
				"west": {"uv": [8, 6, 9, 13], "texture": "#0"},
				"up": {"uv": [8.5, 6, 7.5, 5], "texture": "#0"},
				"down": {"uv": [9, 5, 8, 6], "texture": "#0"}
			}
		},
		{
			"name": "foot",
			"from": [4.864, 0, 5.682],
			"to": [6.432, 0.784, 8.23],
			"rotation": {"angle": 0, "axis": "y", "origin": [3.296, 0, 1.728]},
			"faces": {
				"north": {"uv": [3.25, 11, 4.25, 11], "texture": "#0"},
				"east": {"uv": [1.5, 10.75, 3.75, 11], "texture": "#0"},
				"south": {"uv": [6, 11, 7, 11], "texture": "#0"},
				"west": {"uv": [4, 11, 6, 11], "texture": "#0"},
				"up": {"uv": [4.5, 11, 3.5, 9], "texture": "#0"},
				"down": {"uv": [5, 9, 4, 11], "texture": "#0"}
			}
		},
		{
			"name": "tibia",
			"from": [9.568, 0.67466, 6.61999],
			"to": [11.136, 6.69666, 8.18799],
			"rotation": {"angle": 0, "axis": "y", "origin": [10.352, 3.49816, 7.65399]},
			"faces": {
				"north": {"uv": [11.25, 8, 10.25, 14], "texture": "#0"},
				"east": {"uv": [12.5, 7.75, 11.75, 14], "texture": "#0"},
				"south": {"uv": [13, 8, 12, 14], "texture": "#0"},
				"west": {"uv": [10, 8, 9, 14], "texture": "#0"},
				"up": {"uv": [10.5, 8, 11.5, 7], "texture": "#0"},
				"down": {"uv": [11, 7, 12, 8], "texture": "#0"}
			}
		},
		{
			"name": "tibia",
			"from": [9.568, 6.64852, 6.48878],
			"to": [11.136, 13.65052, 8.05678],
			"rotation": {"angle": 0, "axis": "y", "origin": [10.352, 10.02452, 7.27278]},
			"faces": {
				"north": {"uv": [8.25, 6, 7.25, 13], "texture": "#0"},
				"east": {"uv": [9.5, 5.75, 8.75, 13], "texture": "#0"},
				"south": {"uv": [10, 6, 9, 13], "texture": "#0"},
				"west": {"uv": [7, 6, 6, 13], "texture": "#0"},
				"up": {"uv": [7.5, 6, 8.5, 5], "texture": "#0"},
				"down": {"uv": [8, 5, 9, 6], "texture": "#0"}
			}
		},
		{
			"name": "foot",
			"from": [9.568, 0, 5.682],
			"to": [11.136, 0.784, 8.23],
			"rotation": {"angle": 0, "axis": "y", "origin": [12.704, 0, 1.728]},
			"faces": {
				"north": {"uv": [4.25, 11, 3.25, 11], "texture": "#0"},
				"east": {"uv": [6.5, 10.75, 4.75, 11], "texture": "#0"},
				"south": {"uv": [7, 11, 6, 11], "texture": "#0"},
				"west": {"uv": [3, 11, 1, 11], "texture": "#0"},
				"up": {"uv": [3.5, 11, 4.5, 9], "texture": "#0"},
				"down": {"uv": [4, 9, 5, 11], "texture": "#0"}
			}
		},
		{
			"name": "coxis",
			"from": [4.472, 13.14838, 5.6382],
			"to": [11.528, 14.71638, 8.7742],
			"rotation": {"angle": 0, "axis": "y", "origin": [8, 18.85761, 6.69591]},
			"faces": {
				"north": {"uv": [0.25, 12.5, 7.25, 13.5], "texture": "#0"},
				"east": {"uv": [0.25, 10.75, 3.5, 12], "texture": "#0"},
				"south": {"uv": [9, 11, 16, 12], "texture": "#0"},
				"west": {"uv": [6, 11, 9, 12], "texture": "#0"},
				"up": {"uv": [7.5, 11, 0.5, 8], "texture": "#0"},
				"down": {"uv": [14, 8, 7, 11], "texture": "#0"}
			}
		},
		{
			"name": "coxis",
			"from": [9.176, 14.32438, 5.4422],
			"to": [12.312, 14.91238, 8.9702],
			"rotation": {"angle": 0, "axis": "y", "origin": [8, 18.85761, 6.69591]},
			"faces": {
				"north": {"uv": [3.25, 12, 6.25, 12], "texture": "#0"},
				"east": {"uv": [0.5, 11.75, 3.75, 12], "texture": "#0"},
				"south": {"uv": [9, 12, 12, 12], "texture": "#0"},
				"west": {"uv": [6, 12, 9, 12], "texture": "#0"},
				"up": {"uv": [6.5, 12, 3.5, 9], "texture": "#0"},
				"down": {"uv": [9, 9, 6, 12], "texture": "#0"}
			}
		},
		{
			"name": "coxis",
			"from": [3.688, 14.32438, 5.4422],
			"to": [6.824, 14.91238, 8.9702],
			"rotation": {"angle": 0, "axis": "y", "origin": [8, 18.85761, 6.69591]},
			"faces": {
				"north": {"uv": [3.25, 12, 6.25, 12], "texture": "#0"},
				"east": {"uv": [0.5, 11.75, 3.75, 12], "texture": "#0"},
				"south": {"uv": [9, 12, 12, 12], "texture": "#0"},
				"west": {"uv": [6, 12, 9, 12], "texture": "#0"},
				"up": {"uv": [6.5, 12, 3.5, 9], "texture": "#0"},
				"down": {"uv": [9, 9, 6, 12], "texture": "#0"}
			}
		},
		{
			"name": "coxis",
			"from": [3.688, 14.91238, 5.6382],
			"to": [5.452, 15.30438, 8.7742],
			"rotation": {"angle": 0, "axis": "y", "origin": [8, 18.85761, 6.69591]},
			"faces": {
				"north": {"uv": [3.25, 12, 4.25, 12], "texture": "#0"},
				"east": {"uv": [0.5, 11.75, 3.75, 12], "texture": "#0"},
				"south": {"uv": [7, 12, 8, 12], "texture": "#0"},
				"west": {"uv": [4, 12, 7, 12], "texture": "#0"},
				"up": {"uv": [4.5, 12, 3.5, 9], "texture": "#0"},
				"down": {"uv": [5, 9, 4, 12], "texture": "#0"}
			}
		},
		{
			"name": "coxis",
			"from": [10.548, 14.91238, 5.6382],
			"to": [12.312, 15.30438, 8.7742],
			"rotation": {"angle": 0, "axis": "y", "origin": [8, 18.85761, 6.69591]},
			"faces": {
				"north": {"uv": [3.25, 12, 4.25, 12], "texture": "#0"},
				"east": {"uv": [0.5, 11.75, 3.75, 12], "texture": "#0"},
				"south": {"uv": [7, 12, 8, 12], "texture": "#0"},
				"west": {"uv": [4, 12, 7, 12], "texture": "#0"},
				"up": {"uv": [4.5, 12, 3.5, 9], "texture": "#0"},
				"down": {"uv": [5, 9, 4, 12], "texture": "#0"}
			}
		}
	],
	"display": {
		"thirdperson_righthand": {
			"translation": [-6.25, -12, 11],
			"scale": [1.5, 1.5, 1.5]
		},
		"head": {
			"translation": [0, -61, 2],
			"scale": [2.5, 2.5, 2.5]
		}
	},
	"groups": [
		0,
		1,
		2,
		3,
		4,
		5,
		6,
		7,
		8,
		{
			"name": "vertebrae",
			"origin": [8, 0, 8],
			"color": 3,
			"children": [9, 10, 11, 12, 13, 14, 15]
		},
		{
			"name": "ribs",
			"origin": [8.35, 0.525, 8],
			"color": 0,
			"children": [16, 17, 18, 19, 20, 21, 22, 23, 24, 25, 26, 27, 28, 29, 30, 31, 32, 33, 34, 35, 36, 37, 38, 39, 40, 41, 42, 43, 44, 45, 46, 47, 48, 49, 50, 51, 52, 53, 54, 55, 56, 57]
		},
		{
			"name": "ribs2",
			"origin": [8, 20.44242, 3.90068],
			"color": 0,
			"children": [
				{
					"name": "rib",
					"origin": [10.646, 21.67219, 6.922],
					"color": 0,
					"children": [58, 59, 60, 61, 62, 63, 64]
				},
				{
					"name": "rib",
					"origin": [10.646, 21.67219, 6.922],
					"color": 0,
					"children": [65, 66, 67, 68, 69, 70, 71]
				},
				{
					"name": "rib",
					"origin": [11.22335, 22.52767, 5.942],
					"color": 0,
					"children": [72, 73, 74, 75, 76, 77, 78]
				},
				{
					"name": "rib",
					"origin": [11.2683, 22.16197, 5.942],
					"color": 0,
					"children": [79, 80, 81, 82, 83, 84, 85]
				},
				{
					"name": "rib",
					"origin": [11.37757, 21.81171, 5.942],
					"color": 0,
					"children": [86, 87, 88, 89, 90, 91, 92]
				},
				{
					"name": "rib",
					"origin": [10.06124, 19.74468, 5.942],
					"color": 0,
					"children": [93, 94, 95, 96, 97, 98, 99]
				}
			]
		},
		{
			"name": "arms",
			"origin": [8, 0.175, 8.7],
			"color": 6,
			"children": [100, 101, 102, 103]
		},
		{
			"name": "axes",
			"origin": [0, 0, 0],
			"color": 0,
			"children": [104, 105, 106, 107, 108, 109, 110, 111, 112, 113, 114, 115, 116, 117, 118, 119]
		},
		{
			"name": "legs",
			"origin": [2.4, 0, 2.4],
			"color": 0,
			"children": [120, 121, 122, 123, 124, 125]
		},
		126,
		127,
		128,
		129,
		130
	]
}