{
	"parent": "minecraft:item/generated",
	"textures": {
	  "layer0": "minecraft:item/item_frame"
	},
	"overrides": [
		{"predicate": {"custom_model_data": 4368200}, "model": "minecraft:block/hrb_horebium_table"},
		{"predicate": {"custom_model_data": 4368201}, "model": "minecraft:block/hrb_forge"},
		{"predicate": {"custom_model_data": 4368202}, "model": "minecraft:block/hrb_chunkloader"},
		{"predicate": {"custom_model_data": 4368203}, "model": "minecraft:block/hrb_soul_lantern"}
	]
}