{
	"parent": "minecraft:block/template_wall_post",
	"ambientocclusion": false,
	"textures": {
		"2": "block/end_stone_bricks",
		"3": "block/soul_lantern",
		"particle": "block/end_stone_bricks"
	},
	"elements": [
		{
			"from": [8, 25, 6.5],
			"to": [8, 27, 9.5],
			"shade": false,
			"rotation": {"angle": 45, "axis": "y", "origin": [8, 24, 8]},
			"faces": {
				"east": {"uv": [11, 10, 14, 12], "texture": "#3"},
				"west": {"uv": [14, 10, 11, 12], "texture": "#3"}
			}
		},
		{
			"from": [6.5, 25, 8],
			"to": [9.5, 27, 8],
			"shade": false,
			"rotation": {"angle": 45, "axis": "y", "origin": [8, 24, 8]},
			"faces": {
				"north": {"uv": [14, 1, 11, 3], "texture": "#3"},
				"south": {"uv": [11, 1, 14, 3], "texture": "#3"}
			}
		},
		{
			"from": [6, 23, 6],
			"to": [10, 25, 10],
			"rotation": {"angle": 0, "axis": "y", "origin": [0, 16, 0]},
			"faces": {
				"north": {"uv": [1, 0, 5, 2], "texture": "#3"},
				"east": {"uv": [1, 0, 5, 2], "texture": "#3"},
				"south": {"uv": [1, 0, 5, 2], "texture": "#3"},
				"west": {"uv": [1, 0, 5, 2], "texture": "#3"},
				"up": {"uv": [1, 10, 5, 14], "texture": "#3"}
			}
		},
		{
			"from": [5, 16, 5],
			"to": [11, 23, 11],
			"rotation": {"angle": 0, "axis": "y", "origin": [0, 16, 0]},
			"faces": {
				"north": {"uv": [0, 2, 6, 9], "texture": "#3"},
				"east": {"uv": [0, 2, 6, 9], "texture": "#3"},
				"south": {"uv": [0, 2, 6, 9], "texture": "#3"},
				"west": {"uv": [0, 2, 6, 9], "texture": "#3"},
				"up": {"uv": [0, 9, 6, 15], "texture": "#3"},
				"down": {"uv": [0, 9, 6, 15], "texture": "#3", "cullface": "down"}
			}
		},
		{
			"name": "Center post",
			"from": [5.75, 0, 5.75],
			"to": [10.25, 16, 10.25],
			"rotation": {"angle": 0, "axis": "y", "origin": [0, 16, 0]},
			"faces": {
				"north": {"uv": [8, 0, 12, 16], "texture": "#2"},
				"east": {"uv": [0, 0, 4, 16], "texture": "#2"},
				"south": {"uv": [4, 0, 8, 16], "texture": "#2"},
				"west": {"uv": [12, 0, 16, 16], "texture": "#2"},
				"up": {"uv": [10, 10, 14, 14], "texture": "#2", "cullface": "up"},
				"down": {"uv": [1, 10, 5, 14], "texture": "#2", "cullface": "down"}
			}
		}
	],
	"display": {
		"thirdperson_lefthand": {
			"rotation": [70, 45, 0],
			"translation": [0, 1, 0],
			"scale": [0.25, 0.25, 0.25]
		},
		"firstperson_righthand": {
			"rotation": [0, 45, 0],
			"scale": [0.4, 0.4, 0.4]
		},
		"firstperson_lefthand": {
			"rotation": [0, 45, 0],
			"scale": [0.4, 0.4, 0.4]
		},
		"ground": {
			"translation": [0, 0.25, 0],
			"scale": [0.25, 0.25, 0.25]
		},
		"gui": {
			"rotation": [23, 39, -45],
			"translation": [-1.5, -2.5, 0],
			"scale": [0.65, 0.65, 0.65]
		},
		"head": {
			"translation": [-18.25, -14.75, -18.25],
			"scale": [2.3, 2.3, 2.3]
		},
		"fixed": {
			"translation": [0, 0, 1]
		}
	},
	"groups": [
		{
			"name": "lantern",
			"origin": [0, 16, 0],
			"color": 0,
			"children": [0, 1, 2, 3]
		},
		{
			"name": "end_stone_brick_wall_post",
			"origin": [8, 8, 8],
			"color": 0,
			"children": [4]
		}
	]
}