{
	"ambientocclusion": false,
	"texture_size": [64, 64],
	"textures": {
		"4": "block/hrb_forge",
		"particle": "block/cauldron_bottom"
	},
	"elements": [
		{
			"from": [2, 3, 2],
			"to": [14, 4, 14],
			"faces": {
				"up": {"uv": [9, 9.5, 6, 6.5], "texture": "#4"},
				"down": {"uv": [12, 0, 9, 3], "texture": "#4"}
			}
		},
		{
			"from": [2, 3, 0],
			"to": [14, 16, 2],
			"faces": {
				"north": {"uv": [0, 0, 3, 3.25], "texture": "#4", "cullface": "north"},
				"south": {"uv": [3, 0, 6, 3.25], "texture": "#4"},
				"up": {"uv": [5, 10.25, 2, 9.75], "texture": "#4", "cullface": "up"},
				"down": {"uv": [13, 3, 10, 3.5], "texture": "#4"}
			}
		},
		{
			"from": [0, 3, 2],
			"to": [2, 16, 14],
			"rotation": {"angle": 0, "axis": "y", "origin": [-4, 9.5, 1]},
			"faces": {
				"east": {"uv": [0, 3.25, 3, 6.5], "texture": "#4"},
				"west": {"uv": [3, 3.25, 6, 6.5], "texture": "#4", "cullface": "north"},
				"up": {"uv": [5.5, 12.75, 5, 9.75], "texture": "#4", "cullface": "up"},
				"down": {"uv": [6, 9.75, 5.5, 12.75], "texture": "#4"}
			}
		},
		{
			"from": [14, 3, 2],
			"to": [16, 16, 14],
			"rotation": {"angle": 0, "axis": "y", "origin": [-4, 9.5, 1]},
			"faces": {
				"east": {"uv": [6, 0, 9, 3.25], "texture": "#4"},
				"west": {"uv": [6, 3.25, 9, 6.5], "texture": "#4", "cullface": "north"},
				"up": {"uv": [10.5, 6.5, 10, 3.5], "texture": "#4", "cullface": "up"},
				"down": {"uv": [10.5, 6.5, 10, 9.5], "texture": "#4"}
			}
		},
		{
			"from": [2, 3, 14],
			"to": [14, 16, 16],
			"faces": {
				"north": {"uv": [0, 6.5, 3, 9.75], "texture": "#4"},
				"south": {"uv": [3, 6.5, 6, 9.75], "texture": "#4", "cullface": "south"},
				"up": {"uv": [13, 10, 10, 9.5], "texture": "#4", "cullface": "up"},
				"down": {"uv": [13, 10, 10, 10.5], "texture": "#4"}
			}
		},
		{
			"from": [14, 3, 0],
			"to": [16, 16, 2],
			"rotation": {"angle": 0, "axis": "y", "origin": [11, 19.75, 4]},
			"faces": {
				"north": {"uv": [9, 3, 9.5, 6.25], "texture": "#4"},
				"east": {"uv": [9, 6.25, 9.5, 9.5], "texture": "#4"},
				"south": {"uv": [9.5, 3, 10, 6.25], "texture": "#4"},
				"west": {"uv": [6, 9.5, 6.5, 12.75], "texture": "#4"},
				"up": {"uv": [2.5, 10.75, 2, 10.25], "texture": "#4"},
				"down": {"uv": [3, 10.25, 2.5, 10.75], "texture": "#4"}
			}
		},
		{
			"from": [0, 3, 0],
			"to": [2, 16, 2],
			"rotation": {"angle": 0, "axis": "y", "origin": [11, 19.75, 4]},
			"faces": {
				"north": {"uv": [9.5, 6.25, 10, 9.5], "texture": "#4"},
				"east": {"uv": [6.5, 9.5, 7, 12.75], "texture": "#4"},
				"south": {"uv": [7, 9.5, 7.5, 12.75], "texture": "#4"},
				"west": {"uv": [7.5, 9.5, 8, 12.75], "texture": "#4"},
				"up": {"uv": [3.5, 10.75, 3, 10.25], "texture": "#4"},
				"down": {"uv": [4, 10.25, 3.5, 10.75], "texture": "#4"}
			}
		},
		{
			"from": [0, 3, 14],
			"to": [2, 16, 16],
			"rotation": {"angle": 0, "axis": "y", "origin": [11, 19.75, 4]},
			"faces": {
				"north": {"uv": [8, 9.5, 8.5, 12.75], "texture": "#4"},
				"east": {"uv": [8.5, 9.5, 9, 12.75], "texture": "#4"},
				"south": {"uv": [9, 9.5, 9.5, 12.75], "texture": "#4"},
				"west": {"uv": [9.5, 9.5, 10, 12.75], "texture": "#4"},
				"up": {"uv": [4.5, 10.75, 4, 10.25], "texture": "#4"},
				"down": {"uv": [5, 10.25, 4.5, 10.75], "texture": "#4"}
			}
		},
		{
			"from": [14, 3, 14],
			"to": [16, 16, 16],
			"rotation": {"angle": 0, "axis": "y", "origin": [11, 19.75, 4]},
			"faces": {
				"north": {"uv": [0, 9.75, 0.5, 13], "texture": "#4"},
				"east": {"uv": [0.5, 9.75, 1, 13], "texture": "#4"},
				"south": {"uv": [1, 9.75, 1.5, 13], "texture": "#4"},
				"west": {"uv": [1.5, 9.75, 2, 13], "texture": "#4"},
				"up": {"uv": [11, 4, 10.5, 3.5], "texture": "#4"},
				"down": {"uv": [11, 4, 10.5, 4.5], "texture": "#4"}
			}
		},
		{
			"from": [0.5, 16, 0.5],
			"to": [1.5, 17.5, 1.5],
			"faces": {
				"north": {"uv": [10.5, 4.5, 10.75, 4.875], "texture": "#4"},
				"east": {"uv": [10.5, 5, 10.75, 5.375], "texture": "#4"},
				"south": {"uv": [10.5, 5.5, 10.75, 5.875], "texture": "#4"},
				"west": {"uv": [10.5, 6, 10.75, 6.375], "texture": "#4"},
				"up": {"uv": [4.5, 12, 4.25, 11.75], "texture": "#4"},
				"down": {"uv": [4.75, 11.75, 4.5, 12], "texture": "#4"}
			}
		},
		{
			"from": [8.5, 22, 6.5],
			"to": [9.5, 23.5, 7.5],
			"rotation": {"angle": 0, "axis": "y", "origin": [11, 19.75, 4]},
			"faces": {
				"north": {"uv": [10.75, 11, 11, 11.375], "texture": "#4"},
				"east": {"uv": [11, 11, 11.25, 11.375], "texture": "#4"},
				"south": {"uv": [2, 11.25, 2.25, 11.625], "texture": "#4"},
				"west": {"uv": [2.25, 11.25, 2.5, 11.625], "texture": "#4"},
				"up": {"uv": [12, 11.5, 11.75, 11.25], "texture": "#4"},
				"down": {"uv": [12, 11.5, 11.75, 11.75], "texture": "#4"}
			}
		},
		{
			"from": [9, 21.5, 6],
			"to": [9.5, 23, 6.5],
			"rotation": {"angle": 0, "axis": "y", "origin": [11, 19.75, 4]},
			"faces": {
				"north": {"uv": [2.5, 12.75, 2.625, 13.125], "texture": "#4"},
				"east": {"uv": [12.75, 2.5, 12.875, 2.875], "texture": "#4"},
				"south": {"uv": [2.75, 12.75, 2.875, 13.125], "texture": "#4"},
				"west": {"uv": [3, 12.75, 3.125, 13.125], "texture": "#4"},
				"up": {"uv": [1.625, 13.625, 1.5, 13.5], "texture": "#4"},
				"down": {"uv": [13.625, 1.5, 13.5, 1.625], "texture": "#4"}
			}
		},
		{
			"from": [9.5, 21.5, 6.5],
			"to": [10, 23, 7],
			"rotation": {"angle": 0, "axis": "y", "origin": [11, 19.75, 4]},
			"faces": {
				"north": {"uv": [12.75, 1.5, 12.875, 1.875], "texture": "#4"},
				"east": {"uv": [2, 12.75, 2.125, 13.125], "texture": "#4"},
				"south": {"uv": [12.75, 2, 12.875, 2.375], "texture": "#4"},
				"west": {"uv": [2.25, 12.75, 2.375, 13.125], "texture": "#4"},
				"up": {"uv": [1.375, 13.625, 1.25, 13.5], "texture": "#4"},
				"down": {"uv": [13.625, 1.25, 13.5, 1.375], "texture": "#4"}
			}
		},
		{
			"from": [8, 22.5, 7],
			"to": [8.5, 24, 7.5],
			"rotation": {"angle": 0, "axis": "y", "origin": [11, 19.75, 4]},
			"faces": {
				"north": {"uv": [5.5, 13.25, 5.625, 13.625], "texture": "#4"},
				"east": {"uv": [13.25, 5.5, 13.375, 5.875], "texture": "#4"},
				"south": {"uv": [5.75, 13.25, 5.875, 13.625], "texture": "#4"},
				"west": {"uv": [6, 13.25, 6.125, 13.625], "texture": "#4"},
				"up": {"uv": [11.875, 13.625, 11.75, 13.5], "texture": "#4"},
				"down": {"uv": [13.625, 11.75, 13.5, 11.875], "texture": "#4"}
			}
		},
		{
			"from": [8.5, 22.5, 7.5],
			"to": [9, 24, 8],
			"rotation": {"angle": 0, "axis": "y", "origin": [11, 19.75, 4]},
			"faces": {
				"north": {"uv": [4.75, 13.25, 4.875, 13.625], "texture": "#4"},
				"east": {"uv": [5, 13.25, 5.125, 13.625], "texture": "#4"},
				"south": {"uv": [13.25, 5, 13.375, 5.375], "texture": "#4"},
				"west": {"uv": [5.25, 13.25, 5.375, 13.625], "texture": "#4"},
				"up": {"uv": [11.625, 13.625, 11.5, 13.5], "texture": "#4"},
				"down": {"uv": [13.625, 11.5, 13.5, 11.625], "texture": "#4"}
			}
		},
		{
			"from": [9.5, 21, 5.5],
			"to": [10.5, 22.5, 6.5],
			"rotation": {"angle": 0, "axis": "y", "origin": [11, 19.75, 4]},
			"faces": {
				"north": {"uv": [10, 11, 10.25, 11.375], "texture": "#4"},
				"east": {"uv": [10.25, 11, 10.5, 11.375], "texture": "#4"},
				"south": {"uv": [10.5, 11, 10.75, 11.375], "texture": "#4"},
				"west": {"uv": [11, 10.5, 11.25, 10.875], "texture": "#4"},
				"up": {"uv": [12, 11, 11.75, 10.75], "texture": "#4"},
				"down": {"uv": [12, 11, 11.75, 11.25], "texture": "#4"}
			}
		},
		{
			"from": [10, 20.5, 5],
			"to": [10.5, 22, 5.5],
			"rotation": {"angle": 0, "axis": "y", "origin": [11, 19.75, 4]},
			"faces": {
				"north": {"uv": [12.5, 12.5, 12.625, 12.875], "texture": "#4"},
				"east": {"uv": [12.75, 0, 12.875, 0.375], "texture": "#4"},
				"south": {"uv": [12.75, 0.5, 12.875, 0.875], "texture": "#4"},
				"west": {"uv": [12.75, 1, 12.875, 1.375], "texture": "#4"},
				"up": {"uv": [1.125, 13.625, 1, 13.5], "texture": "#4"},
				"down": {"uv": [13.625, 1, 13.5, 1.125], "texture": "#4"}
			}
		},
		{
			"from": [10.5, 20.5, 5.5],
			"to": [11, 22, 6],
			"rotation": {"angle": 0, "axis": "y", "origin": [11, 19.75, 4]},
			"faces": {
				"north": {"uv": [11.75, 12.5, 11.875, 12.875], "texture": "#4"},
				"east": {"uv": [12, 12.5, 12.125, 12.875], "texture": "#4"},
				"south": {"uv": [12.5, 12, 12.625, 12.375], "texture": "#4"},
				"west": {"uv": [12.25, 12.5, 12.375, 12.875], "texture": "#4"},
				"up": {"uv": [0.875, 13.625, 0.75, 13.5], "texture": "#4"},
				"down": {"uv": [13.625, 0.75, 13.5, 0.875], "texture": "#4"}
			}
		},
		{
			"from": [10.5, 20, 4.5],
			"to": [11.5, 21.5, 5.5],
			"rotation": {"angle": 0, "axis": "y", "origin": [11, 19.75, 4]},
			"faces": {
				"north": {"uv": [11, 7.5, 11.25, 7.875], "texture": "#4"},
				"east": {"uv": [11, 8, 11.25, 8.375], "texture": "#4"},
				"south": {"uv": [11, 8.5, 11.25, 8.875], "texture": "#4"},
				"west": {"uv": [11, 9, 11.25, 9.375], "texture": "#4"},
				"up": {"uv": [12, 9.5, 11.75, 9.25], "texture": "#4"},
				"down": {"uv": [12, 10.5, 11.75, 10.75], "texture": "#4"}
			}
		},
		{
			"from": [11, 19.5, 4],
			"to": [11.5, 21, 4.5],
			"rotation": {"angle": 0, "axis": "y", "origin": [11, 19.75, 4]},
			"faces": {
				"north": {"uv": [12.5, 11, 12.625, 11.375], "texture": "#4"},
				"east": {"uv": [11.25, 12.5, 11.375, 12.875], "texture": "#4"},
				"south": {"uv": [11.5, 12.5, 11.625, 12.875], "texture": "#4"},
				"west": {"uv": [12.5, 11.5, 12.625, 11.875], "texture": "#4"},
				"up": {"uv": [0.625, 13.625, 0.5, 13.5], "texture": "#4"},
				"down": {"uv": [13.625, 0.5, 13.5, 0.625], "texture": "#4"}
			}
		},
		{
			"from": [11.5, 19.5, 4.5],
			"to": [12, 21, 5],
			"rotation": {"angle": 0, "axis": "y", "origin": [11, 19.75, 4]},
			"faces": {
				"north": {"uv": [10.5, 12.5, 10.625, 12.875], "texture": "#4"},
				"east": {"uv": [12.5, 10.5, 12.625, 10.875], "texture": "#4"},
				"south": {"uv": [10.75, 12.5, 10.875, 12.875], "texture": "#4"},
				"west": {"uv": [11, 12.5, 11.125, 12.875], "texture": "#4"},
				"up": {"uv": [0.375, 13.625, 0.25, 13.5], "texture": "#4"},
				"down": {"uv": [13.625, 0.25, 13.5, 0.375], "texture": "#4"}
			}
		},
		{
			"from": [11.5, 19, 3.5],
			"to": [12.5, 20.5, 4.5],
			"rotation": {"angle": 0, "axis": "y", "origin": [11, 19.75, 4]},
			"faces": {
				"north": {"uv": [11, 5.5, 11.25, 5.875], "texture": "#4"},
				"east": {"uv": [11, 6, 11.25, 6.375], "texture": "#4"},
				"south": {"uv": [11, 6.5, 11.25, 6.875], "texture": "#4"},
				"west": {"uv": [11, 7, 11.25, 7.375], "texture": "#4"},
				"up": {"uv": [12, 9, 11.75, 8.75], "texture": "#4"},
				"down": {"uv": [12, 9, 11.75, 9.25], "texture": "#4"}
			}
		},
		{
			"from": [12, 18.5, 3],
			"to": [12.5, 20, 3.5],
			"rotation": {"angle": 0, "axis": "y", "origin": [11, 19.75, 4]},
			"faces": {
				"north": {"uv": [12.5, 8.5, 12.625, 8.875], "texture": "#4"},
				"east": {"uv": [12.5, 9, 12.625, 9.375], "texture": "#4"},
				"south": {"uv": [10, 12.5, 10.125, 12.875], "texture": "#4"},
				"west": {"uv": [10.25, 12.5, 10.375, 12.875], "texture": "#4"},
				"up": {"uv": [0.125, 13.625, 0, 13.5], "texture": "#4"},
				"down": {"uv": [13.625, 0, 13.5, 0.125], "texture": "#4"}
			}
		},
		{
			"from": [12.5, 18.5, 3.5],
			"to": [13, 20, 4],
			"rotation": {"angle": 0, "axis": "y", "origin": [11, 19.75, 4]},
			"faces": {
				"north": {"uv": [12.5, 6.5, 12.625, 6.875], "texture": "#4"},
				"east": {"uv": [12.5, 7, 12.625, 7.375], "texture": "#4"},
				"south": {"uv": [12.5, 7.5, 12.625, 7.875], "texture": "#4"},
				"west": {"uv": [12.5, 8, 12.625, 8.375], "texture": "#4"},
				"up": {"uv": [13.375, 13.125, 13.25, 13], "texture": "#4"},
				"down": {"uv": [13.375, 13.25, 13.25, 13.375], "texture": "#4"}
			}
		},
		{
			"from": [12.5, 18, 2.5],
			"to": [13.5, 19.5, 3.5],
			"rotation": {"angle": 0, "axis": "y", "origin": [11, 19.75, 4]},
			"faces": {
				"north": {"uv": [11, 3.5, 11.25, 3.875], "texture": "#4"},
				"east": {"uv": [11, 4, 11.25, 4.375], "texture": "#4"},
				"south": {"uv": [11, 4.5, 11.25, 4.875], "texture": "#4"},
				"west": {"uv": [11, 5, 11.25, 5.375], "texture": "#4"},
				"up": {"uv": [12, 8.5, 11.75, 8.25], "texture": "#4"},
				"down": {"uv": [12, 8.5, 11.75, 8.75], "texture": "#4"}
			}
		},
		{
			"from": [13, 17.5, 2],
			"to": [13.5, 19, 2.5],
			"rotation": {"angle": 0, "axis": "y", "origin": [11, 19.75, 4]},
			"faces": {
				"north": {"uv": [12.5, 4.5, 12.625, 4.875], "texture": "#4"},
				"east": {"uv": [12.5, 5, 12.625, 5.375], "texture": "#4"},
				"south": {"uv": [12.5, 5.5, 12.625, 5.875], "texture": "#4"},
				"west": {"uv": [12.5, 6, 12.625, 6.375], "texture": "#4"},
				"up": {"uv": [13.375, 12.625, 13.25, 12.5], "texture": "#4"},
				"down": {"uv": [13.375, 12.75, 13.25, 12.875], "texture": "#4"}
			}
		},
		{
			"from": [13.5, 17.5, 2.5],
			"to": [14, 19, 3],
			"rotation": {"angle": 0, "axis": "y", "origin": [11, 19.75, 4]},
			"faces": {
				"north": {"uv": [12.5, 2, 12.625, 2.375], "texture": "#4"},
				"east": {"uv": [12.5, 2.5, 12.625, 2.875], "texture": "#4"},
				"south": {"uv": [12.5, 3.5, 12.625, 3.875], "texture": "#4"},
				"west": {"uv": [12.5, 4, 12.625, 4.375], "texture": "#4"},
				"up": {"uv": [13.375, 12.125, 13.25, 12], "texture": "#4"},
				"down": {"uv": [13.375, 12.25, 13.25, 12.375], "texture": "#4"}
			}
		},
		{
			"from": [13.5, 17, 1.5],
			"to": [14.5, 18.5, 2.5],
			"rotation": {"angle": 0, "axis": "y", "origin": [11, 19.75, 4]},
			"faces": {
				"north": {"uv": [10.75, 8, 11, 8.375], "texture": "#4"},
				"east": {"uv": [10.75, 8.5, 11, 8.875], "texture": "#4"},
				"south": {"uv": [10.75, 9, 11, 9.375], "texture": "#4"},
				"west": {"uv": [10.75, 10.5, 11, 10.875], "texture": "#4"},
				"up": {"uv": [12, 8, 11.75, 7.75], "texture": "#4"},
				"down": {"uv": [12, 8, 11.75, 8.25], "texture": "#4"}
			}
		},
		{
			"from": [14, 16.5, 1],
			"to": [14.5, 18, 1.5],
			"rotation": {"angle": 0, "axis": "y", "origin": [11, 19.75, 4]},
			"faces": {
				"north": {"uv": [12.5, 0, 12.625, 0.375], "texture": "#4"},
				"east": {"uv": [12.5, 0.5, 12.625, 0.875], "texture": "#4"},
				"south": {"uv": [12.5, 1, 12.625, 1.375], "texture": "#4"},
				"west": {"uv": [12.5, 1.5, 12.625, 1.875], "texture": "#4"},
				"up": {"uv": [13.375, 11.625, 13.25, 11.5], "texture": "#4"},
				"down": {"uv": [13.375, 11.75, 13.25, 11.875], "texture": "#4"}
			}
		},
		{
			"from": [14.5, 16.5, 1.5],
			"to": [15, 18, 2],
			"rotation": {"angle": 0, "axis": "y", "origin": [11, 19.75, 4]},
			"faces": {
				"north": {"uv": [12.25, 10.5, 12.375, 10.875], "texture": "#4"},
				"east": {"uv": [12.25, 11, 12.375, 11.375], "texture": "#4"},
				"south": {"uv": [12.25, 11.5, 12.375, 11.875], "texture": "#4"},
				"west": {"uv": [12.25, 12, 12.375, 12.375], "texture": "#4"},
				"up": {"uv": [13.375, 11.125, 13.25, 11], "texture": "#4"},
				"down": {"uv": [13.375, 11.25, 13.25, 11.375], "texture": "#4"}
			}
		},
		{
			"from": [14.5, 16, 0.5],
			"to": [15.5, 17.5, 1.5],
			"rotation": {"angle": 0, "axis": "y", "origin": [11, 19.75, 4]},
			"faces": {
				"north": {"uv": [10.75, 6, 11, 6.375], "texture": "#4"},
				"east": {"uv": [10.75, 6.5, 11, 6.875], "texture": "#4"},
				"south": {"uv": [10.75, 7, 11, 7.375], "texture": "#4"},
				"west": {"uv": [10.75, 7.5, 11, 7.875], "texture": "#4"},
				"up": {"uv": [12, 7.5, 11.75, 7.25], "texture": "#4"},
				"down": {"uv": [12, 7.5, 11.75, 7.75], "texture": "#4"}
			}
		},
		{
			"from": [8.5, 22, 8.5],
			"to": [9.5, 23.5, 9.5],
			"rotation": {"angle": 0, "axis": "y", "origin": [12, 19.75, 14.5]},
			"faces": {
				"north": {"uv": [11.5, 3.5, 11.75, 3.875], "texture": "#4"},
				"east": {"uv": [11.5, 4, 11.75, 4.375], "texture": "#4"},
				"south": {"uv": [11.5, 4.5, 11.75, 4.875], "texture": "#4"},
				"west": {"uv": [11.5, 5, 11.75, 5.375], "texture": "#4"},
				"up": {"uv": [12.25, 3, 12, 2.75], "texture": "#4"},
				"down": {"uv": [12.25, 3.5, 12, 3.75], "texture": "#4"}
			}
		},
		{
			"from": [9.5, 21.5, 9],
			"to": [10, 23, 9.5],
			"rotation": {"angle": 0, "axis": "y", "origin": [12, 19.75, 14.5]},
			"faces": {
				"north": {"uv": [0, 13, 0.125, 13.375], "texture": "#4"},
				"east": {"uv": [13, 0, 13.125, 0.375], "texture": "#4"},
				"south": {"uv": [0.25, 13, 0.375, 13.375], "texture": "#4"},
				"west": {"uv": [0.5, 13, 0.625, 13.375], "texture": "#4"},
				"up": {"uv": [13.625, 7.125, 13.5, 7], "texture": "#4"},
				"down": {"uv": [13.625, 7.25, 13.5, 7.375], "texture": "#4"}
			}
		},
		{
			"from": [9, 21.5, 9.5],
			"to": [9.5, 23, 10],
			"rotation": {"angle": 0, "axis": "y", "origin": [12, 19.75, 14.5]},
			"faces": {
				"north": {"uv": [12.75, 11, 12.875, 11.375], "texture": "#4"},
				"east": {"uv": [12.75, 11.5, 12.875, 11.875], "texture": "#4"},
				"south": {"uv": [12.75, 12, 12.875, 12.375], "texture": "#4"},
				"west": {"uv": [12.75, 12.5, 12.875, 12.875], "texture": "#4"},
				"up": {"uv": [13.625, 6.625, 13.5, 6.5], "texture": "#4"},
				"down": {"uv": [13.625, 6.75, 13.5, 6.875], "texture": "#4"}
			}
		},
		{
			"from": [8.5, 22.5, 8],
			"to": [9, 24, 8.5],
			"rotation": {"angle": 0, "axis": "y", "origin": [12, 19.75, 14.5]},
			"faces": {
				"north": {"uv": [13.25, 4, 13.375, 4.375], "texture": "#4"},
				"east": {"uv": [4.25, 13.25, 4.375, 13.625], "texture": "#4"},
				"south": {"uv": [4.5, 13.25, 4.625, 13.625], "texture": "#4"},
				"west": {"uv": [13.25, 4.5, 13.375, 4.875], "texture": "#4"},
				"up": {"uv": [11.375, 13.625, 11.25, 13.5], "texture": "#4"},
				"down": {"uv": [13.625, 11.25, 13.5, 11.375], "texture": "#4"}
			}
		},
		{
			"from": [8, 22.5, 8.5],
			"to": [8.5, 24, 9],
			"rotation": {"angle": 0, "axis": "y", "origin": [12, 19.75, 14.5]},
			"faces": {
				"north": {"uv": [3.5, 13.25, 3.625, 13.625], "texture": "#4"},
				"east": {"uv": [13.25, 3.5, 13.375, 3.875], "texture": "#4"},
				"south": {"uv": [3.75, 13.25, 3.875, 13.625], "texture": "#4"},
				"west": {"uv": [4, 13.25, 4.125, 13.625], "texture": "#4"},
				"up": {"uv": [11.125, 13.625, 11, 13.5], "texture": "#4"},
				"down": {"uv": [13.625, 11, 13.5, 11.125], "texture": "#4"}
			}
		},
		{
			"from": [9.5, 21, 9.5],
			"to": [10.5, 22.5, 10.5],
			"rotation": {"angle": 0, "axis": "y", "origin": [12, 19.75, 14.5]},
			"faces": {
				"north": {"uv": [11.25, 8.5, 11.5, 8.875], "texture": "#4"},
				"east": {"uv": [11.25, 9, 11.5, 9.375], "texture": "#4"},
				"south": {"uv": [11.25, 10.5, 11.5, 10.875], "texture": "#4"},
				"west": {"uv": [11.25, 11, 11.5, 11.375], "texture": "#4"},
				"up": {"uv": [12.25, 2.5, 12, 2.25], "texture": "#4"},
				"down": {"uv": [12.25, 2.5, 12, 2.75], "texture": "#4"}
			}
		},
		{
			"from": [10.5, 20.5, 10],
			"to": [11, 22, 10.5],
			"rotation": {"angle": 0, "axis": "y", "origin": [12, 19.75, 14.5]},
			"faces": {
				"north": {"uv": [9.25, 12.75, 9.375, 13.125], "texture": "#4"},
				"east": {"uv": [9.5, 12.75, 9.625, 13.125], "texture": "#4"},
				"south": {"uv": [9.75, 12.75, 9.875, 13.125], "texture": "#4"},
				"west": {"uv": [12.75, 10.5, 12.875, 10.875], "texture": "#4"},
				"up": {"uv": [13.625, 6.125, 13.5, 6], "texture": "#4"},
				"down": {"uv": [13.625, 6.25, 13.5, 6.375], "texture": "#4"}
			}
		},
		{
			"from": [10, 20.5, 10.5],
			"to": [10.5, 22, 11],
			"rotation": {"angle": 0, "axis": "y", "origin": [12, 19.75, 14.5]},
			"faces": {
				"north": {"uv": [12.75, 8.5, 12.875, 8.875], "texture": "#4"},
				"east": {"uv": [8.75, 12.75, 8.875, 13.125], "texture": "#4"},
				"south": {"uv": [9, 12.75, 9.125, 13.125], "texture": "#4"},
				"west": {"uv": [12.75, 9, 12.875, 9.375], "texture": "#4"},
				"up": {"uv": [13.625, 5.625, 13.5, 5.5], "texture": "#4"},
				"down": {"uv": [13.625, 5.75, 13.5, 5.875], "texture": "#4"}
			}
		},
		{
			"from": [10.5, 20, 10.5],
			"to": [11.5, 21.5, 11.5],
			"rotation": {"angle": 0, "axis": "y", "origin": [12, 19.75, 14.5]},
			"faces": {
				"north": {"uv": [11.25, 6.5, 11.5, 6.875], "texture": "#4"},
				"east": {"uv": [11.25, 7, 11.5, 7.375], "texture": "#4"},
				"south": {"uv": [11.25, 7.5, 11.5, 7.875], "texture": "#4"},
				"west": {"uv": [11.25, 8, 11.5, 8.375], "texture": "#4"},
				"up": {"uv": [12.25, 2, 12, 1.75], "texture": "#4"},
				"down": {"uv": [12.25, 2, 12, 2.25], "texture": "#4"}
			}
		},
		{
			"from": [11.5, 19.5, 11],
			"to": [12, 21, 11.5],
			"rotation": {"angle": 0, "axis": "y", "origin": [12, 19.75, 14.5]},
			"faces": {
				"north": {"uv": [8, 12.75, 8.125, 13.125], "texture": "#4"},
				"east": {"uv": [12.75, 8, 12.875, 8.375], "texture": "#4"},
				"south": {"uv": [8.25, 12.75, 8.375, 13.125], "texture": "#4"},
				"west": {"uv": [8.5, 12.75, 8.625, 13.125], "texture": "#4"},
				"up": {"uv": [13.625, 5.125, 13.5, 5], "texture": "#4"},
				"down": {"uv": [13.625, 5.25, 13.5, 5.375], "texture": "#4"}
			}
		},
		{
			"from": [11, 19.5, 11.5],
			"to": [11.5, 21, 12],
			"rotation": {"angle": 0, "axis": "y", "origin": [12, 19.75, 14.5]},
			"faces": {
				"north": {"uv": [7.25, 12.75, 7.375, 13.125], "texture": "#4"},
				"east": {"uv": [7.5, 12.75, 7.625, 13.125], "texture": "#4"},
				"south": {"uv": [12.75, 7.5, 12.875, 7.875], "texture": "#4"},
				"west": {"uv": [7.75, 12.75, 7.875, 13.125], "texture": "#4"},
				"up": {"uv": [13.625, 4.625, 13.5, 4.5], "texture": "#4"},
				"down": {"uv": [13.625, 4.75, 13.5, 4.875], "texture": "#4"}
			}
		},
		{
			"from": [11.5, 19, 11.5],
			"to": [12.5, 20.5, 12.5],
			"rotation": {"angle": 0, "axis": "y", "origin": [12, 19.75, 14.5]},
			"faces": {
				"north": {"uv": [4.75, 11.25, 5, 11.625], "texture": "#4"},
				"east": {"uv": [11.25, 5, 11.5, 5.375], "texture": "#4"},
				"south": {"uv": [11.25, 5.5, 11.5, 5.875], "texture": "#4"},
				"west": {"uv": [11.25, 6, 11.5, 6.375], "texture": "#4"},
				"up": {"uv": [12.25, 1.5, 12, 1.25], "texture": "#4"},
				"down": {"uv": [12.25, 1.5, 12, 1.75], "texture": "#4"}
			}
		},
		{
			"from": [12.5, 18.5, 12],
			"to": [13, 20, 12.5],
			"rotation": {"angle": 0, "axis": "y", "origin": [12, 19.75, 14.5]},
			"faces": {
				"north": {"uv": [12.75, 6.5, 12.875, 6.875], "texture": "#4"},
				"east": {"uv": [6.75, 12.75, 6.875, 13.125], "texture": "#4"},
				"south": {"uv": [7, 12.75, 7.125, 13.125], "texture": "#4"},
				"west": {"uv": [12.75, 7, 12.875, 7.375], "texture": "#4"},
				"up": {"uv": [13.625, 4.125, 13.5, 4], "texture": "#4"},
				"down": {"uv": [13.625, 4.25, 13.5, 4.375], "texture": "#4"}
			}
		},
		{
			"from": [12, 18.5, 12.5],
			"to": [12.5, 20, 13],
			"rotation": {"angle": 0, "axis": "y", "origin": [12, 19.75, 14.5]},
			"faces": {
				"north": {"uv": [6, 12.75, 6.125, 13.125], "texture": "#4"},
				"east": {"uv": [12.75, 6, 12.875, 6.375], "texture": "#4"},
				"south": {"uv": [6.25, 12.75, 6.375, 13.125], "texture": "#4"},
				"west": {"uv": [6.5, 12.75, 6.625, 13.125], "texture": "#4"},
				"up": {"uv": [13.625, 3.625, 13.5, 3.5], "texture": "#4"},
				"down": {"uv": [13.625, 3.75, 13.5, 3.875], "texture": "#4"}
			}
		},
		{
			"from": [12.5, 18, 12.5],
			"to": [13.5, 19.5, 13.5],
			"rotation": {"angle": 0, "axis": "y", "origin": [12, 19.75, 14.5]},
			"faces": {
				"north": {"uv": [11.25, 4, 11.5, 4.375], "texture": "#4"},
				"east": {"uv": [4.25, 11.25, 4.5, 11.625], "texture": "#4"},
				"south": {"uv": [4.5, 11.25, 4.75, 11.625], "texture": "#4"},
				"west": {"uv": [11.25, 4.5, 11.5, 4.875], "texture": "#4"},
				"up": {"uv": [12.25, 1, 12, 0.75], "texture": "#4"},
				"down": {"uv": [12.25, 1, 12, 1.25], "texture": "#4"}
			}
		},
		{
			"from": [13.5, 17.5, 13],
			"to": [14, 19, 13.5],
			"rotation": {"angle": 0, "axis": "y", "origin": [12, 19.75, 14.5]},
			"faces": {
				"north": {"uv": [5.25, 12.75, 5.375, 13.125], "texture": "#4"},
				"east": {"uv": [5.5, 12.75, 5.625, 13.125], "texture": "#4"},
				"south": {"uv": [12.75, 5.5, 12.875, 5.875], "texture": "#4"},
				"west": {"uv": [5.75, 12.75, 5.875, 13.125], "texture": "#4"},
				"up": {"uv": [13.625, 3.125, 13.5, 3], "texture": "#4"},
				"down": {"uv": [13.625, 3.25, 13.5, 3.375], "texture": "#4"}
			}
		},
		{
			"from": [13, 17.5, 13.5],
			"to": [13.5, 19, 14],
			"rotation": {"angle": 0, "axis": "y", "origin": [12, 19.75, 14.5]},
			"faces": {
				"north": {"uv": [12.75, 4.5, 12.875, 4.875], "texture": "#4"},
				"east": {"uv": [4.75, 12.75, 4.875, 13.125], "texture": "#4"},
				"south": {"uv": [5, 12.75, 5.125, 13.125], "texture": "#4"},
				"west": {"uv": [12.75, 5, 12.875, 5.375], "texture": "#4"},
				"up": {"uv": [13.625, 2.625, 13.5, 2.5], "texture": "#4"},
				"down": {"uv": [13.625, 2.75, 13.5, 2.875], "texture": "#4"}
			}
		},
		{
			"from": [13.5, 17, 13.5],
			"to": [14.5, 18.5, 14.5],
			"rotation": {"angle": 0, "axis": "y", "origin": [12, 19.75, 14.5]},
			"faces": {
				"north": {"uv": [3.5, 11.25, 3.75, 11.625], "texture": "#4"},
				"east": {"uv": [11.25, 3.5, 11.5, 3.875], "texture": "#4"},
				"south": {"uv": [3.75, 11.25, 4, 11.625], "texture": "#4"},
				"west": {"uv": [4, 11.25, 4.25, 11.625], "texture": "#4"},
				"up": {"uv": [12.25, 0.5, 12, 0.25], "texture": "#4"},
				"down": {"uv": [12.25, 0.5, 12, 0.75], "texture": "#4"}
			}
		},
		{
			"from": [14.5, 16.5, 14],
			"to": [15, 18, 14.5],
			"rotation": {"angle": 0, "axis": "y", "origin": [12, 19.75, 14.5]},
			"faces": {
				"north": {"uv": [4, 12.75, 4.125, 13.125], "texture": "#4"},
				"east": {"uv": [12.75, 4, 12.875, 4.375], "texture": "#4"},
				"south": {"uv": [4.25, 12.75, 4.375, 13.125], "texture": "#4"},
				"west": {"uv": [4.5, 12.75, 4.625, 13.125], "texture": "#4"},
				"up": {"uv": [13.625, 2.125, 13.5, 2], "texture": "#4"},
				"down": {"uv": [13.625, 2.25, 13.5, 2.375], "texture": "#4"}
			}
		},
		{
			"from": [14, 16.5, 14.5],
			"to": [14.5, 18, 15],
			"rotation": {"angle": 0, "axis": "y", "origin": [12, 19.75, 14.5]},
			"faces": {
				"north": {"uv": [3.25, 12.75, 3.375, 13.125], "texture": "#4"},
				"east": {"uv": [3.5, 12.75, 3.625, 13.125], "texture": "#4"},
				"south": {"uv": [12.75, 3.5, 12.875, 3.875], "texture": "#4"},
				"west": {"uv": [3.75, 12.75, 3.875, 13.125], "texture": "#4"},
				"up": {"uv": [1.875, 13.625, 1.75, 13.5], "texture": "#4"},
				"down": {"uv": [13.625, 1.75, 13.5, 1.875], "texture": "#4"}
			}
		},
		{
			"from": [14.5, 16, 14.5],
			"to": [15.5, 17.5, 15.5],
			"rotation": {"angle": 0, "axis": "y", "origin": [12, 19.75, 14.5]},
			"faces": {
				"north": {"uv": [2.5, 11.25, 2.75, 11.625], "texture": "#4"},
				"east": {"uv": [2.75, 11.25, 3, 11.625], "texture": "#4"},
				"south": {"uv": [3, 11.25, 3.25, 11.625], "texture": "#4"},
				"west": {"uv": [3.25, 11.25, 3.5, 11.625], "texture": "#4"},
				"up": {"uv": [12, 12, 11.75, 11.75], "texture": "#4"},
				"down": {"uv": [12.25, 0, 12, 0.25], "texture": "#4"}
			}
		},
		{
			"from": [6.5, 22, 8.5],
			"to": [7.5, 23.5, 9.5],
			"rotation": {"angle": 0, "axis": "y", "origin": [2, 19.75, 12]},
			"faces": {
				"north": {"uv": [11.75, 3.5, 12, 3.875], "texture": "#4"},
				"east": {"uv": [3.75, 11.75, 4, 12.125], "texture": "#4"},
				"south": {"uv": [4, 11.75, 4.25, 12.125], "texture": "#4"},
				"west": {"uv": [11.75, 4, 12, 4.375], "texture": "#4"},
				"up": {"uv": [12.25, 6.25, 12, 6], "texture": "#4"},
				"down": {"uv": [12.25, 6.25, 12, 6.5], "texture": "#4"}
			}
		},
		{
			"from": [6.5, 21.5, 9.5],
			"to": [7, 23, 10],
			"rotation": {"angle": 0, "axis": "y", "origin": [2, 19.75, 12]},
			"faces": {
				"north": {"uv": [13.25, 0.5, 13.375, 0.875], "texture": "#4"},
				"east": {"uv": [13.25, 1, 13.375, 1.375], "texture": "#4"},
				"south": {"uv": [13.25, 1.5, 13.375, 1.875], "texture": "#4"},
				"west": {"uv": [2, 13.25, 2.125, 13.625], "texture": "#4"},
				"up": {"uv": [10.375, 13.625, 10.25, 13.5], "texture": "#4"},
				"down": {"uv": [13.625, 10.25, 13.5, 10.375], "texture": "#4"}
			}
		},
		{
			"from": [7, 22.5, 8],
			"to": [7.5, 24, 8.5],
			"rotation": {"angle": 0, "axis": "y", "origin": [2, 19.75, 12]},
			"faces": {
				"north": {"uv": [2.75, 13.25, 2.875, 13.625], "texture": "#4"},
				"east": {"uv": [3, 13.25, 3.125, 13.625], "texture": "#4"},
				"south": {"uv": [13.25, 3, 13.375, 3.375], "texture": "#4"},
				"west": {"uv": [3.25, 13.25, 3.375, 13.625], "texture": "#4"},
				"up": {"uv": [10.875, 13.625, 10.75, 13.5], "texture": "#4"},
				"down": {"uv": [13.625, 10.75, 13.5, 10.875], "texture": "#4"}
			}
		},
		{
			"from": [7.5, 22.5, 8.5],
			"to": [8, 24, 9],
			"rotation": {"angle": 0, "axis": "y", "origin": [2, 19.75, 12]},
			"faces": {
				"north": {"uv": [13.25, 2, 13.375, 2.375], "texture": "#4"},
				"east": {"uv": [2.25, 13.25, 2.375, 13.625], "texture": "#4"},
				"south": {"uv": [2.5, 13.25, 2.625, 13.625], "texture": "#4"},
				"west": {"uv": [13.25, 2.5, 13.375, 2.875], "texture": "#4"},
				"up": {"uv": [10.625, 13.625, 10.5, 13.5], "texture": "#4"},
				"down": {"uv": [13.625, 10.5, 13.5, 10.625], "texture": "#4"}
			}
		},
		{
			"from": [6, 21.5, 9],
			"to": [6.5, 23, 9.5],
			"rotation": {"angle": 0, "axis": "y", "origin": [2, 19.75, 12]},
			"faces": {
				"north": {"uv": [13, 12.5, 13.125, 12.875], "texture": "#4"},
				"east": {"uv": [12.75, 13, 12.875, 13.375], "texture": "#4"},
				"south": {"uv": [13, 13, 13.125, 13.375], "texture": "#4"},
				"west": {"uv": [13.25, 0, 13.375, 0.375], "texture": "#4"},
				"up": {"uv": [10.125, 13.625, 10, 13.5], "texture": "#4"},
				"down": {"uv": [13.625, 10, 13.5, 10.125], "texture": "#4"}
			}
		},
		{
			"from": [5.5, 21, 9.5],
			"to": [6.5, 22.5, 10.5],
			"rotation": {"angle": 0, "axis": "y", "origin": [2, 19.75, 12]},
			"faces": {
				"north": {"uv": [2.75, 11.75, 3, 12.125], "texture": "#4"},
				"east": {"uv": [3, 11.75, 3.25, 12.125], "texture": "#4"},
				"south": {"uv": [3.25, 11.75, 3.5, 12.125], "texture": "#4"},
				"west": {"uv": [3.5, 11.75, 3.75, 12.125], "texture": "#4"},
				"up": {"uv": [12.25, 5.75, 12, 5.5], "texture": "#4"},
				"down": {"uv": [12.25, 5.75, 12, 6], "texture": "#4"}
			}
		},
		{
			"from": [5.5, 20.5, 10.5],
			"to": [6, 22, 11],
			"rotation": {"angle": 0, "axis": "y", "origin": [2, 19.75, 12]},
			"faces": {
				"north": {"uv": [12, 13, 12.125, 13.375], "texture": "#4"},
				"east": {"uv": [13, 12, 13.125, 12.375], "texture": "#4"},
				"south": {"uv": [12.25, 13, 12.375, 13.375], "texture": "#4"},
				"west": {"uv": [12.5, 13, 12.625, 13.375], "texture": "#4"},
				"up": {"uv": [9.875, 13.625, 9.75, 13.5], "texture": "#4"},
				"down": {"uv": [13.625, 9.75, 13.5, 9.875], "texture": "#4"}
			}
		},
		{
			"from": [5, 20.5, 10],
			"to": [5.5, 22, 10.5],
			"rotation": {"angle": 0, "axis": "y", "origin": [2, 19.75, 12]},
			"faces": {
				"north": {"uv": [11.25, 13, 11.375, 13.375], "texture": "#4"},
				"east": {"uv": [11.5, 13, 11.625, 13.375], "texture": "#4"},
				"south": {"uv": [13, 11.5, 13.125, 11.875], "texture": "#4"},
				"west": {"uv": [11.75, 13, 11.875, 13.375], "texture": "#4"},
				"up": {"uv": [9.625, 13.625, 9.5, 13.5], "texture": "#4"},
				"down": {"uv": [13.625, 9.5, 13.5, 9.625], "texture": "#4"}
			}
		},
		{
			"from": [4.5, 20, 10.5],
			"to": [5.5, 21.5, 11.5],
			"rotation": {"angle": 0, "axis": "y", "origin": [2, 19.75, 12]},
			"faces": {
				"north": {"uv": [11.5, 11.5, 11.75, 11.875], "texture": "#4"},
				"east": {"uv": [2, 11.75, 2.25, 12.125], "texture": "#4"},
				"south": {"uv": [2.25, 11.75, 2.5, 12.125], "texture": "#4"},
				"west": {"uv": [2.5, 11.75, 2.75, 12.125], "texture": "#4"},
				"up": {"uv": [12.25, 5.25, 12, 5], "texture": "#4"},
				"down": {"uv": [12.25, 5.25, 12, 5.5], "texture": "#4"}
			}
		},
		{
			"from": [4.5, 19.5, 11.5],
			"to": [5, 21, 12],
			"rotation": {"angle": 0, "axis": "y", "origin": [2, 19.75, 12]},
			"faces": {
				"north": {"uv": [13, 10.5, 13.125, 10.875], "texture": "#4"},
				"east": {"uv": [10.75, 13, 10.875, 13.375], "texture": "#4"},
				"south": {"uv": [11, 13, 11.125, 13.375], "texture": "#4"},
				"west": {"uv": [13, 11, 13.125, 11.375], "texture": "#4"},
				"up": {"uv": [9.375, 13.625, 9.25, 13.5], "texture": "#4"},
				"down": {"uv": [13.625, 9.25, 13.5, 9.375], "texture": "#4"}
			}
		},
		{
			"from": [4, 19.5, 11],
			"to": [4.5, 21, 11.5],
			"rotation": {"angle": 0, "axis": "y", "origin": [2, 19.75, 12]},
			"faces": {
				"north": {"uv": [10, 13, 10.125, 13.375], "texture": "#4"},
				"east": {"uv": [13, 10, 13.125, 10.375], "texture": "#4"},
				"south": {"uv": [10.25, 13, 10.375, 13.375], "texture": "#4"},
				"west": {"uv": [10.5, 13, 10.625, 13.375], "texture": "#4"},
				"up": {"uv": [9.125, 13.625, 9, 13.5], "texture": "#4"},
				"down": {"uv": [13.625, 9, 13.5, 9.125], "texture": "#4"}
			}
		},
		{
			"from": [3.5, 19, 11.5],
			"to": [4.5, 20.5, 12.5],
			"rotation": {"angle": 0, "axis": "y", "origin": [2, 19.75, 12]},
			"faces": {
				"north": {"uv": [10.75, 11.5, 11, 11.875], "texture": "#4"},
				"east": {"uv": [11, 11.5, 11.25, 11.875], "texture": "#4"},
				"south": {"uv": [11.5, 11, 11.75, 11.375], "texture": "#4"},
				"west": {"uv": [11.25, 11.5, 11.5, 11.875], "texture": "#4"},
				"up": {"uv": [5, 12.25, 4.75, 12], "texture": "#4"},
				"down": {"uv": [12.25, 4.75, 12, 5], "texture": "#4"}
			}
		},
		{
			"from": [3.5, 18.5, 12.5],
			"to": [4, 20, 13],
			"rotation": {"angle": 0, "axis": "y", "origin": [2, 19.75, 12]},
			"faces": {
				"north": {"uv": [13, 8, 13.125, 8.375], "texture": "#4"},
				"east": {"uv": [13, 8.5, 13.125, 8.875], "texture": "#4"},
				"south": {"uv": [13, 9, 13.125, 9.375], "texture": "#4"},
				"west": {"uv": [13, 9.5, 13.125, 9.875], "texture": "#4"},
				"up": {"uv": [8.875, 13.625, 8.75, 13.5], "texture": "#4"},
				"down": {"uv": [13.625, 8.75, 13.5, 8.875], "texture": "#4"}
			}
		},
		{
			"from": [3, 18.5, 12],
			"to": [3.5, 20, 12.5],
			"rotation": {"angle": 0, "axis": "y", "origin": [2, 19.75, 12]},
			"faces": {
				"north": {"uv": [13, 6, 13.125, 6.375], "texture": "#4"},
				"east": {"uv": [13, 6.5, 13.125, 6.875], "texture": "#4"},
				"south": {"uv": [13, 7, 13.125, 7.375], "texture": "#4"},
				"west": {"uv": [13, 7.5, 13.125, 7.875], "texture": "#4"},
				"up": {"uv": [8.625, 13.625, 8.5, 13.5], "texture": "#4"},
				"down": {"uv": [13.625, 8.5, 13.5, 8.625], "texture": "#4"}
			}
		},
		{
			"from": [2.5, 18, 12.5],
			"to": [3.5, 19.5, 13.5],
			"rotation": {"angle": 0, "axis": "y", "origin": [2, 19.75, 12]},
			"faces": {
				"north": {"uv": [10, 11.5, 10.25, 11.875], "texture": "#4"},
				"east": {"uv": [10.25, 11.5, 10.5, 11.875], "texture": "#4"},
				"south": {"uv": [10.5, 11.5, 10.75, 11.875], "texture": "#4"},
				"west": {"uv": [11.5, 10.5, 11.75, 10.875], "texture": "#4"},
				"up": {"uv": [4.75, 12.25, 4.5, 12], "texture": "#4"},
				"down": {"uv": [12.25, 4.5, 12, 4.75], "texture": "#4"}
			}
		},
		{
			"from": [2.5, 17.5, 13.5],
			"to": [3, 19, 14],
			"rotation": {"angle": 0, "axis": "y", "origin": [2, 19.75, 12]},
			"faces": {
				"north": {"uv": [13, 4, 13.125, 4.375], "texture": "#4"},
				"east": {"uv": [13, 4.5, 13.125, 4.875], "texture": "#4"},
				"south": {"uv": [13, 5, 13.125, 5.375], "texture": "#4"},
				"west": {"uv": [13, 5.5, 13.125, 5.875], "texture": "#4"},
				"up": {"uv": [8.375, 13.625, 8.25, 13.5], "texture": "#4"},
				"down": {"uv": [13.625, 8.25, 13.5, 8.375], "texture": "#4"}
			}
		},
		{
			"from": [2, 17.5, 13],
			"to": [2.5, 19, 13.5],
			"rotation": {"angle": 0, "axis": "y", "origin": [2, 19.75, 12]},
			"faces": {
				"north": {"uv": [13, 2, 13.125, 2.375], "texture": "#4"},
				"east": {"uv": [13, 2.5, 13.125, 2.875], "texture": "#4"},
				"south": {"uv": [13, 3, 13.125, 3.375], "texture": "#4"},
				"west": {"uv": [13, 3.5, 13.125, 3.875], "texture": "#4"},
				"up": {"uv": [8.125, 13.625, 8, 13.5], "texture": "#4"},
				"down": {"uv": [13.625, 8, 13.5, 8.125], "texture": "#4"}
			}
		},
		{
			"from": [1.5, 17, 13.5],
			"to": [2.5, 18.5, 14.5],
			"rotation": {"angle": 0, "axis": "y", "origin": [2, 19.75, 12]},
			"faces": {
				"north": {"uv": [11.5, 7.5, 11.75, 7.875], "texture": "#4"},
				"east": {"uv": [11.5, 8, 11.75, 8.375], "texture": "#4"},
				"south": {"uv": [11.5, 8.5, 11.75, 8.875], "texture": "#4"},
				"west": {"uv": [11.5, 9, 11.75, 9.375], "texture": "#4"},
				"up": {"uv": [4.5, 12.25, 4.25, 12], "texture": "#4"},
				"down": {"uv": [12.25, 4.25, 12, 4.5], "texture": "#4"}
			}
		},
		{
			"from": [1.5, 16.5, 14.5],
			"to": [2, 18, 15],
			"rotation": {"angle": 0, "axis": "y", "origin": [2, 19.75, 12]},
			"faces": {
				"north": {"uv": [1.25, 13, 1.375, 13.375], "texture": "#4"},
				"east": {"uv": [1.5, 13, 1.625, 13.375], "texture": "#4"},
				"south": {"uv": [13, 1.5, 13.125, 1.875], "texture": "#4"},
				"west": {"uv": [1.75, 13, 1.875, 13.375], "texture": "#4"},
				"up": {"uv": [7.875, 13.625, 7.75, 13.5], "texture": "#4"},
				"down": {"uv": [13.625, 7.75, 13.5, 7.875], "texture": "#4"}
			}
		},
		{
			"from": [1, 16.5, 14],
			"to": [1.5, 18, 14.5],
			"rotation": {"angle": 0, "axis": "y", "origin": [2, 19.75, 12]},
			"faces": {
				"north": {"uv": [13, 0.5, 13.125, 0.875], "texture": "#4"},
				"east": {"uv": [0.75, 13, 0.875, 13.375], "texture": "#4"},
				"south": {"uv": [1, 13, 1.125, 13.375], "texture": "#4"},
				"west": {"uv": [13, 1, 13.125, 1.375], "texture": "#4"},
				"up": {"uv": [7.625, 13.625, 7.5, 13.5], "texture": "#4"},
				"down": {"uv": [13.625, 7.5, 13.5, 7.625], "texture": "#4"}
			}
		},
		{
			"from": [0.5, 16, 14.5],
			"to": [1.5, 17.5, 15.5],
			"rotation": {"angle": 0, "axis": "y", "origin": [2, 19.75, 12]},
			"faces": {
				"north": {"uv": [11.5, 5.5, 11.75, 5.875], "texture": "#4"},
				"east": {"uv": [11.5, 6, 11.75, 6.375], "texture": "#4"},
				"south": {"uv": [11.5, 6.5, 11.75, 6.875], "texture": "#4"},
				"west": {"uv": [11.5, 7, 11.75, 7.375], "texture": "#4"},
				"up": {"uv": [12.25, 4, 12, 3.75], "texture": "#4"},
				"down": {"uv": [12.25, 4, 12, 4.25], "texture": "#4"}
			}
		},
		{
			"from": [1.5, 17, 1.5],
			"to": [2.5, 18.5, 2.5],
			"faces": {
				"north": {"uv": [10.5, 6.5, 10.75, 6.875], "texture": "#4"},
				"east": {"uv": [10.5, 7, 10.75, 7.375], "texture": "#4"},
				"south": {"uv": [10.5, 7.5, 10.75, 7.875], "texture": "#4"},
				"west": {"uv": [10.5, 8, 10.75, 8.375], "texture": "#4"},
				"up": {"uv": [12, 4.75, 11.75, 4.5], "texture": "#4"},
				"down": {"uv": [5, 11.75, 4.75, 12], "texture": "#4"}
			}
		},
		{
			"from": [2.5, 18, 2.5],
			"to": [3.5, 19.5, 3.5],
			"faces": {
				"north": {"uv": [10.5, 8.5, 10.75, 8.875], "texture": "#4"},
				"east": {"uv": [10.5, 9, 10.75, 9.375], "texture": "#4"},
				"south": {"uv": [10, 10.5, 10.25, 10.875], "texture": "#4"},
				"west": {"uv": [10.25, 10.5, 10.5, 10.875], "texture": "#4"},
				"up": {"uv": [12, 5, 11.75, 4.75], "texture": "#4"},
				"down": {"uv": [12, 5, 11.75, 5.25], "texture": "#4"}
			}
		},
		{
			"from": [3.5, 19, 3.5],
			"to": [4.5, 20.5, 4.5],
			"faces": {
				"north": {"uv": [10.5, 10.5, 10.75, 10.875], "texture": "#4"},
				"east": {"uv": [2, 10.75, 2.25, 11.125], "texture": "#4"},
				"south": {"uv": [2.25, 10.75, 2.5, 11.125], "texture": "#4"},
				"west": {"uv": [2.5, 10.75, 2.75, 11.125], "texture": "#4"},
				"up": {"uv": [12, 5.5, 11.75, 5.25], "texture": "#4"},
				"down": {"uv": [12, 5.5, 11.75, 5.75], "texture": "#4"}
			}
		},
		{
			"from": [4.5, 20, 4.5],
			"to": [5.5, 21.5, 5.5],
			"faces": {
				"north": {"uv": [2.75, 10.75, 3, 11.125], "texture": "#4"},
				"east": {"uv": [3, 10.75, 3.25, 11.125], "texture": "#4"},
				"south": {"uv": [3.25, 10.75, 3.5, 11.125], "texture": "#4"},
				"west": {"uv": [3.5, 10.75, 3.75, 11.125], "texture": "#4"},
				"up": {"uv": [12, 6, 11.75, 5.75], "texture": "#4"},
				"down": {"uv": [12, 6, 11.75, 6.25], "texture": "#4"}
			}
		},
		{
			"from": [5.5, 21, 5.5],
			"to": [6.5, 22.5, 6.5],
			"faces": {
				"north": {"uv": [3.75, 10.75, 4, 11.125], "texture": "#4"},
				"east": {"uv": [4, 10.75, 4.25, 11.125], "texture": "#4"},
				"south": {"uv": [4.25, 10.75, 4.5, 11.125], "texture": "#4"},
				"west": {"uv": [4.5, 10.75, 4.75, 11.125], "texture": "#4"},
				"up": {"uv": [12, 6.5, 11.75, 6.25], "texture": "#4"},
				"down": {"uv": [12, 6.5, 11.75, 6.75], "texture": "#4"}
			}
		},
		{
			"from": [6.5, 22, 6.5],
			"to": [7.5, 23.5, 7.5],
			"faces": {
				"north": {"uv": [10.75, 4.5, 11, 4.875], "texture": "#4"},
				"east": {"uv": [4.75, 10.75, 5, 11.125], "texture": "#4"},
				"south": {"uv": [10.75, 5, 11, 5.375], "texture": "#4"},
				"west": {"uv": [10.75, 5.5, 11, 5.875], "texture": "#4"},
				"up": {"uv": [12, 7, 11.75, 6.75], "texture": "#4"},
				"down": {"uv": [12, 7, 11.75, 7.25], "texture": "#4"}
			}
		},
		{
			"from": [6.5, 21.5, 6],
			"to": [7, 23, 6.5],
			"faces": {
				"north": {"uv": [12, 6.5, 12.125, 6.875], "texture": "#4"},
				"east": {"uv": [12, 7, 12.125, 7.375], "texture": "#4"},
				"south": {"uv": [12, 7.5, 12.125, 7.875], "texture": "#4"},
				"west": {"uv": [12, 8, 12.125, 8.375], "texture": "#4"},
				"up": {"uv": [7.625, 13.375, 7.5, 13.25], "texture": "#4"},
				"down": {"uv": [13.375, 7.5, 13.25, 7.625], "texture": "#4"}
			}
		},
		{
			"from": [6, 21.5, 6.5],
			"to": [6.5, 23, 7],
			"faces": {
				"north": {"uv": [12, 8.5, 12.125, 8.875], "texture": "#4"},
				"east": {"uv": [12, 9, 12.125, 9.375], "texture": "#4"},
				"south": {"uv": [10, 12, 10.125, 12.375], "texture": "#4"},
				"west": {"uv": [10.25, 12, 10.375, 12.375], "texture": "#4"},
				"up": {"uv": [7.875, 13.375, 7.75, 13.25], "texture": "#4"},
				"down": {"uv": [13.375, 7.75, 13.25, 7.875], "texture": "#4"}
			}
		},
		{
			"from": [7.5, 22.5, 7],
			"to": [8, 24, 7.5],
			"faces": {
				"north": {"uv": [6.75, 13.25, 6.875, 13.625], "texture": "#4"},
				"east": {"uv": [7, 13.25, 7.125, 13.625], "texture": "#4"},
				"south": {"uv": [13.25, 7, 13.375, 7.375], "texture": "#4"},
				"west": {"uv": [7.25, 13.25, 7.375, 13.625], "texture": "#4"},
				"up": {"uv": [12.375, 13.625, 12.25, 13.5], "texture": "#4"},
				"down": {"uv": [13.625, 12.25, 13.5, 12.375], "texture": "#4"}
			}
		},
		{
			"from": [7, 22.5, 7.5],
			"to": [7.5, 24, 8],
			"faces": {
				"north": {"uv": [13.25, 6, 13.375, 6.375], "texture": "#4"},
				"east": {"uv": [6.25, 13.25, 6.375, 13.625], "texture": "#4"},
				"south": {"uv": [6.5, 13.25, 6.625, 13.625], "texture": "#4"},
				"west": {"uv": [13.25, 6.5, 13.375, 6.875], "texture": "#4"},
				"up": {"uv": [12.125, 13.625, 12, 13.5], "texture": "#4"},
				"down": {"uv": [13.625, 12, 13.5, 12.125], "texture": "#4"}
			}
		},
		{
			"from": [5.5, 20.5, 5],
			"to": [6, 22, 5.5],
			"faces": {
				"north": {"uv": [12, 11, 12.125, 11.375], "texture": "#4"},
				"east": {"uv": [11.25, 12, 11.375, 12.375], "texture": "#4"},
				"south": {"uv": [11.5, 12, 11.625, 12.375], "texture": "#4"},
				"west": {"uv": [12, 11.5, 12.125, 11.875], "texture": "#4"},
				"up": {"uv": [8.375, 13.375, 8.25, 13.25], "texture": "#4"},
				"down": {"uv": [13.375, 8.25, 13.25, 8.375], "texture": "#4"}
			}
		},
		{
			"from": [5, 20.5, 5.5],
			"to": [5.5, 22, 6],
			"faces": {
				"north": {"uv": [10.5, 12, 10.625, 12.375], "texture": "#4"},
				"east": {"uv": [12, 10.5, 12.125, 10.875], "texture": "#4"},
				"south": {"uv": [10.75, 12, 10.875, 12.375], "texture": "#4"},
				"west": {"uv": [11, 12, 11.125, 12.375], "texture": "#4"},
				"up": {"uv": [8.125, 13.375, 8, 13.25], "texture": "#4"},
				"down": {"uv": [13.375, 8, 13.25, 8.125], "texture": "#4"}
			}
		},
		{
			"from": [4.5, 19.5, 4],
			"to": [5, 21, 4.5],
			"faces": {
				"north": {"uv": [12.25, 1, 12.375, 1.375], "texture": "#4"},
				"east": {"uv": [12.25, 1.5, 12.375, 1.875], "texture": "#4"},
				"south": {"uv": [2, 12.25, 2.125, 12.625], "texture": "#4"},
				"west": {"uv": [12.25, 2, 12.375, 2.375], "texture": "#4"},
				"up": {"uv": [8.875, 13.375, 8.75, 13.25], "texture": "#4"},
				"down": {"uv": [13.375, 8.75, 13.25, 8.875], "texture": "#4"}
			}
		},
		{
			"from": [4, 19.5, 4.5],
			"to": [4.5, 21, 5],
			"faces": {
				"north": {"uv": [11.75, 12, 11.875, 12.375], "texture": "#4"},
				"east": {"uv": [12, 12, 12.125, 12.375], "texture": "#4"},
				"south": {"uv": [12.25, 0, 12.375, 0.375], "texture": "#4"},
				"west": {"uv": [12.25, 0.5, 12.375, 0.875], "texture": "#4"},
				"up": {"uv": [8.625, 13.375, 8.5, 13.25], "texture": "#4"},
				"down": {"uv": [13.375, 8.5, 13.25, 8.625], "texture": "#4"}
			}
		},
		{
			"from": [3.5, 18.5, 3],
			"to": [4, 20, 3.5],
			"faces": {
				"north": {"uv": [3, 12.25, 3.125, 12.625], "texture": "#4"},
				"east": {"uv": [3.25, 12.25, 3.375, 12.625], "texture": "#4"},
				"south": {"uv": [3.5, 12.25, 3.625, 12.625], "texture": "#4"},
				"west": {"uv": [12.25, 3.5, 12.375, 3.875], "texture": "#4"},
				"up": {"uv": [9.375, 13.375, 9.25, 13.25], "texture": "#4"},
				"down": {"uv": [13.375, 9.25, 13.25, 9.375], "texture": "#4"}
			}
		},
		{
			"from": [3, 18.5, 3.5],
			"to": [3.5, 20, 4],
			"faces": {
				"north": {"uv": [2.25, 12.25, 2.375, 12.625], "texture": "#4"},
				"east": {"uv": [2.5, 12.25, 2.625, 12.625], "texture": "#4"},
				"south": {"uv": [12.25, 2.5, 12.375, 2.875], "texture": "#4"},
				"west": {"uv": [2.75, 12.25, 2.875, 12.625], "texture": "#4"},
				"up": {"uv": [9.125, 13.375, 9, 13.25], "texture": "#4"},
				"down": {"uv": [13.375, 9, 13.25, 9.125], "texture": "#4"}
			}
		},
		{
			"from": [2.5, 17.5, 2],
			"to": [3, 19, 2.5],
			"faces": {
				"north": {"uv": [4.5, 12.25, 4.625, 12.625], "texture": "#4"},
				"east": {"uv": [12.25, 4.5, 12.375, 4.875], "texture": "#4"},
				"south": {"uv": [4.75, 12.25, 4.875, 12.625], "texture": "#4"},
				"west": {"uv": [12.25, 5, 12.375, 5.375], "texture": "#4"},
				"up": {"uv": [9.875, 13.375, 9.75, 13.25], "texture": "#4"},
				"down": {"uv": [13.375, 9.75, 13.25, 9.875], "texture": "#4"}
			}
		},
		{
			"from": [2, 17.5, 2.5],
			"to": [2.5, 19, 3],
			"faces": {
				"north": {"uv": [3.75, 12.25, 3.875, 12.625], "texture": "#4"},
				"east": {"uv": [4, 12.25, 4.125, 12.625], "texture": "#4"},
				"south": {"uv": [12.25, 4, 12.375, 4.375], "texture": "#4"},
				"west": {"uv": [4.25, 12.25, 4.375, 12.625], "texture": "#4"},
				"up": {"uv": [9.625, 13.375, 9.5, 13.25], "texture": "#4"},
				"down": {"uv": [13.375, 9.5, 13.25, 9.625], "texture": "#4"}
			}
		},
		{
			"from": [1.5, 16.5, 1],
			"to": [2, 18, 1.5],
			"faces": {
				"north": {"uv": [12.25, 7.5, 12.375, 7.875], "texture": "#4"},
				"east": {"uv": [12.25, 8, 12.375, 8.375], "texture": "#4"},
				"south": {"uv": [12.25, 8.5, 12.375, 8.875], "texture": "#4"},
				"west": {"uv": [12.25, 9, 12.375, 9.375], "texture": "#4"},
				"up": {"uv": [13.375, 10.625, 13.25, 10.5], "texture": "#4"},
				"down": {"uv": [13.375, 10.75, 13.25, 10.875], "texture": "#4"}
			}
		},
		{
			"from": [1, 16.5, 1.5],
			"to": [1.5, 18, 2],
			"faces": {
				"north": {"uv": [12.25, 5.5, 12.375, 5.875], "texture": "#4"},
				"east": {"uv": [12.25, 6, 12.375, 6.375], "texture": "#4"},
				"south": {"uv": [12.25, 6.5, 12.375, 6.875], "texture": "#4"},
				"west": {"uv": [12.25, 7, 12.375, 7.375], "texture": "#4"},
				"up": {"uv": [13.375, 10.125, 13.25, 10], "texture": "#4"},
				"down": {"uv": [13.375, 10.25, 13.25, 10.375], "texture": "#4"}
			}
		}
	],
	"display": {
		"thirdperson_righthand": {
			"rotation": [60, 45, 0],
			"translation": [0, 1.25, 0],
			"scale": [0.25, 0.25, 0.25]
		},
		"thirdperson_lefthand": {
			"rotation": [60, 45, 0],
			"translation": [0, 1.25, 0],
			"scale": [0.25, 0.25, 0.25]
		},
		"firstperson_righthand": {
			"rotation": [10, 0, 0],
			"translation": [0, 1.25, 0],
			"scale": [0.5, 0.5, 0.5]
		},
		"firstperson_lefthand": {
			"rotation": [10, 0, 0],
			"translation": [0, 1.25, 0],
			"scale": [0.5, 0.5, 0.5]
		},
		"ground": {
			"translation": [0, 1, 0],
			"scale": [0.3, 0.3, 0.3]
		},
		"gui": {
			"rotation": [15, 30, 0],
			"translation": [0, -2.5, 0],
			"scale": [0.6, 0.6, 0.6]
		},
		"head": {
			"translation": [-18.25, -14.75, -18.28],
			"scale": [2.3, 2.3, 2.3]
		},
		"fixed": {
			"rotation": [32, 0, 0],
			"translation": [0.25, -7.25, -9],
			"scale": [1.07, 1, 1]
		}
	},
	"groups": [
		{
			"name": "cauldron",
			"origin": [8, 8, 8],
			"color": 0,
			"children": [0, 1, 2, 3, 4, 5, 6, 7, 8]
		},
		9,
		10,
		11,
		12,
		13,
		14,
		15,
		16,
		17,
		18,
		19,
		20,
		21,
		22,
		23,
		24,
		25,
		26,
		27,
		28,
		29,
		30,
		31,
		32,
		33,
		34,
		35,
		36,
		37,
		38,
		39,
		40,
		41,
		42,
		43,
		44,
		45,
		46,
		47,
		48,
		49,
		50,
		51,
		52,
		53,
		54,
		55,
		56,
		57,
		58,
		59,
		60,
		61,
		62,
		63,
		64,
		65,
		66,
		67,
		68,
		69,
		70,
		71,
		72,
		73,
		74,
		75,
		76,
		77,
		78,
		79,
		80,
		81,
		82,
		83,
		84,
		85,
		86,
		87,
		88,
		89,
		90,
		91,
		92
	]
}